rep_id,G,group_size,V_slope_asymp,t_cce,t_bch,reject_normal,reject_bch
1,4,900,7.84244445218131,0.5775476702891909,0.5001709543669584,FALSE,FALSE
1,8,450,5.009619532499882,0.722622017957783,0.6759510028343076,FALSE,FALSE
1,12,300,4.376655346887281,0.7731119530382914,0.7401983411693052,FALSE,FALSE
1,16,225,7.684920236128959,0.5834368823672512,0.5649103322428849,FALSE,FALSE
1,20,180,10.477948951947127,0.4996609655295891,0.48700926731455857,FALSE,FALSE
2,4,900,4.817177267723914,1.0818653968765855,0.9369229171704568,FALSE,FALSE
2,8,450,6.749669172420432,0.9139623400249013,0.8549334851968421,FALSE,FALSE
2,12,300,7.836822299937131,0.8482024933126157,0.8120920599640123,FALSE,FALSE
2,16,225,5.1783975885147555,1.0434504927608703,1.0103165952636934,FALSE,FALSE
2,20,180,4.177984642679349,1.1616789629914979,1.1322645946969072,FALSE,FALSE
3,4,900,0.8410053905590337,2.4270776622062926,2.1019109124283957,TRUE,FALSE
3,8,450,2.9751748155605493,1.2904073212321712,1.207065521358882,FALSE,FALSE
3,12,300,4.050702624777513,1.105905154495666,1.0588235735216116,FALSE,FALSE
3,16,225,5.873996606247844,0.9183668892803308,0.889204916972758,FALSE,FALSE
3,20,180,6.4450962503637275,0.8767350301427537,0.8545356033691307,FALSE,FALSE
4,4,900,3.58694404268616,0.45586197464479017,0.3947880506617259,FALSE,FALSE
4,8,450,6.63017017343957,0.33529982789463225,0.3136442694564955,FALSE,FALSE
4,12,300,7.353008436833275,0.3183927250997747,0.3048378259229361,FALSE,FALSE
4,16,225,5.101902479979525,0.3822342432810401,0.3700967146444157,FALSE,FALSE
4,20,180,7.076406540529849,0.32455572971762475,0.31633779509870913,FALSE,FALSE
5,4,900,0.24902957585307414,6.917740283049887,5.990938821904154,TRUE,TRUE
5,8,450,3.476078100117254,1.8515905460174347,1.7320043609467324,FALSE,FALSE
5,12,300,4.214337670077638,1.6816091136108227,1.6100181500211093,FALSE,FALSE
5,16,225,7.931506976491537,1.2257781120500706,1.186854553528873,FALSE,FALSE
5,20,180,8.161192517284048,1.2084060921577333,1.1778085665275695,FALSE,FALSE
6,4,900,0.8773809391926842,-3.6869328466450666,-3.1929775072419035,TRUE,TRUE
6,8,450,1.5057084704534047,-2.8144198056637824,-2.632648663836193,TRUE,TRUE
6,12,300,2.108215000709298,-2.378492988656166,-2.2772336629478014,TRUE,TRUE
6,16,225,2.1930602927418263,-2.332029496593878,-2.257977850793139,TRUE,TRUE
6,20,180,2.804970339739119,-2.062030992458642,-2.0098192016116707,TRUE,FALSE
7,4,900,2.6623682164410205,0.1421605058298959,0.12311460946353563,FALSE,FALSE
7,8,450,5.5760162604404195,0.09823155168718778,0.0918872027461581,FALSE,FALSE
7,12,300,11.988842206198127,0.06699222435726664,0.0641401716085415,FALSE,FALSE
7,16,225,9.695569772078377,0.07449486750834296,0.07212934530943507,FALSE,FALSE
7,20,180,8.136766018908185,0.08131807818905473,0.07925905846238118,FALSE,FALSE
8,4,900,0.16707919040705865,1.564437963396966,1.3548430189465623,FALSE,FALSE
8,8,450,2.7190514166438358,0.38780269001894435,0.36275619993004704,FALSE,FALSE
8,12,300,2.5161829849769854,0.40313306148752037,0.38597052110095464,FALSE,FALSE
8,16,225,2.812371365676006,0.38131438878631757,0.36920606935966704,FALSE,FALSE
8,20,180,1.9623093228218391,0.45649475683551927,0.44493605143593823,FALSE,FALSE
9,4,900,6.374650735561589,-1.3355182816573847,-1.1565927591338363,FALSE,FALSE
9,8,450,11.676020406242639,-0.9868033432176825,-0.9230700046109156,FALSE,FALSE
9,12,300,9.751132430070314,-1.079817862937419,-1.0338468934158032,FALSE,FALSE
9,16,225,10.658932197869333,-1.0328117854227408,-1.0000157111772559,FALSE,FALSE
9,20,180,9.47263783372153,-1.095576147052593,-1.0678355394399808,FALSE,FALSE
10,4,900,2.2367225871942416,-0.4211787149182298,-0.3647514666524709,FALSE,FALSE
10,8,450,4.288376194839413,-0.30417676629731843,-0.2845313111253431,FALSE,FALSE
10,12,300,4.589487056695447,-0.29402915930451945,-0.28151148758895367,FALSE,FALSE
10,16,225,4.593559303246661,-0.2938988001824349,-0.284566289644228,FALSE,FALSE
10,20,180,5.647793749670153,-0.2650532065874719,-0.2583419095040253,FALSE,FALSE
11,4,900,2.0549144198720644,-1.5969394201914744,-1.382990106190609,FALSE,FALSE
11,8,450,5.392424457391925,-0.9858101298038924,-0.922140938534328,FALSE,FALSE
11,12,300,3.2906421954093448,-1.2619582298323382,-1.2082330180976837,FALSE,FALSE
11,16,225,4.850328717300957,-1.0394407170397169,-1.00643414661618,FALSE,FALSE
11,20,180,4.760839048117982,-1.0491644384521992,-1.0225990015480566,FALSE,FALSE
12,4,900,1.3158220789776935,-3.2828594986343425,-2.843039722872386,TRUE,FALSE
12,8,450,4.916900765519563,-1.698263826238423,-1.5885803475339932,FALSE,FALSE
12,12,300,6.400542342506002,-1.4884782506493601,-1.4251094264774304,FALSE,FALSE
12,16,225,5.753433413291311,-1.5699554728134133,-1.5201028501233853,FALSE,FALSE
12,20,180,7.638612295879227,-1.3625223875721253,-1.3280225501863598,FALSE,FALSE
13,4,900,7.084505077361803,1.00765950233473,0.872658727386661,FALSE,FALSE
13,8,450,11.658673689817627,0.7854960203209898,0.7347642466788913,FALSE,FALSE
13,12,300,16.323082098886008,0.663846210006836,0.6355843568418515,FALSE,FALSE
13,16,225,13.554031534552783,0.7285079857388334,0.7053748240864031,FALSE,FALSE
13,20,180,10.846257057239999,0.8143828439707778,0.7937622098123817,FALSE,FALSE
14,4,900,1.374764133593911,5.825831166363069,5.045317788229544,TRUE,TRUE
14,8,450,1.29869546552258,5.994021951230652,5.6068941275768305,TRUE,TRUE
14,12,300,2.9951328415149527,3.946971100920319,3.778937125551991,TRUE,TRUE
14,16,225,1.6719464954337466,5.282759059955463,5.115009465308464,TRUE,TRUE
14,20,180,3.199353028934461,3.8189230619787122,3.722225770375464,TRUE,TRUE
15,4,900,0.48716030921370046,4.6155975257438815,3.997224710938801,TRUE,TRUE
15,8,450,2.757559942371961,1.9399985251272094,1.8147024529681937,FALSE,FALSE
15,12,300,3.07208160636327,1.8380084623016573,1.7597591260931502,FALSE,FALSE
15,16,225,5.1429590632102755,1.4205526900477887,1.3754442277413081,FALSE,FALSE
15,20,180,4.750574467764945,1.478055750579349,1.4406305431059168,FALSE,FALSE
16,4,900,6.022831933344447,-0.7711748122357384,-0.6678569781548439,FALSE,FALSE
16,8,450,9.961175409229112,-0.5996501058758978,-0.5609213120325823,FALSE,FALSE
16,12,300,21.01778350797639,-0.4128190702895322,-0.39524416849396726,FALSE,FALSE
16,16,225,16.682555234156457,-0.46336360909744373,-0.4486498853182408,FALSE,FALSE
16,20,180,11.17643207811629,-0.5661110304380457,-0.5517767790007518,FALSE,FALSE
17,4,900,1.6009960956578846,0.8470032692571395,0.7335263482651538,FALSE,FALSE
17,8,450,3.1611902026408707,0.602774552621201,0.5638439643436187,FALSE,FALSE
17,12,300,3.5657009369298667,0.5675547535447187,0.5433923061796814,FALSE,FALSE
17,16,225,3.785883119926307,0.5508034121776876,0.5333131105996008,FALSE,FALSE
17,20,180,5.961332149106454,0.43894344003562524,0.42782914390302246,FALSE,FALSE
18,4,900,6.9310033637616035,0.6303852819352619,0.5459296683277524,FALSE,FALSE
18,8,450,13.541388374411342,0.45099582611987543,0.42186796605141197,FALSE,FALSE
18,12,300,12.618870414195062,0.46719036687631654,0.44730072173001423,FALSE,FALSE
18,16,225,13.357058030104266,0.45409708416328604,0.43967761113143866,FALSE,FALSE
18,20,180,12.469232250283081,0.4699852871074292,0.4580849938522108,FALSE,FALSE
19,4,900,13.309002614440553,-0.538737811312779,-0.4665606305760941,FALSE,FALSE
19,8,450,10.075657348156465,-0.6191751498705189,-0.5791853183049723,FALSE,FALSE
19,12,300,19.066348648723153,-0.4501077053120227,-0.43094531847573203,FALSE,FALSE
19,16,225,10.09913389396822,-0.6184550608290331,-0.5988165377421351,FALSE,FALSE
19,20,180,14.94142544010145,-0.508456960278554,-0.4955825425021766,FALSE,FALSE
20,4,900,3.6300009074993462,2.7468948386479215,2.3788807117934567,TRUE,FALSE
20,8,450,5.926759677209599,2.1497439796865865,2.0109013603167813,TRUE,FALSE
20,12,300,4.387475398594409,2.4985500470883384,2.39217954516825,TRUE,TRUE
20,16,225,5.875294823505044,2.159138830288183,2.090577182963974,TRUE,FALSE
20,20,180,7.003963384736976,1.9775317574854399,1.9274595350539216,TRUE,FALSE
21,4,900,1.483984405829984,-1.6195013801179894,-1.4025293366461373,FALSE,FALSE
21,8,450,2.193379256256266,-1.3321070451085482,-1.2460720413260018,FALSE,FALSE
21,12,300,3.725053315497556,-1.0221855670487714,-0.9786681710497777,FALSE,FALSE
21,16,225,4.790691017265936,-0.9013571548073732,-0.8727353123884642,FALSE,FALSE
21,20,180,7.022238262288157,-0.7444888719813224,-0.7256379927200758,FALSE,FALSE
22,4,900,3.4252556458280914,-0.8822548813821809,-0.7640551398897952,FALSE,FALSE
22,8,450,2.654708049573058,-1.002148733610425,-0.9374243029398993,FALSE,FALSE
22,12,300,7.026173743350319,-0.6160005826283056,-0.5897756562020378,FALSE,FALSE
22,16,225,7.369348987635532,-0.6014866650444674,-0.5823869591707652,FALSE,FALSE
22,20,180,7.292097798683008,-0.6046642928605475,-0.5893538510161095,FALSE,FALSE
23,4,900,13.735548000857122,-0.49428857937604653,-0.4280664665401772,FALSE,FALSE
23,8,450,10.830094252821633,-0.5566567164213243,-0.5207046787237938,FALSE,FALSE
23,12,300,6.835442986029997,-0.7006808352236169,-0.6708508255284429,FALSE,FALSE
23,16,225,10.292738282609251,-0.5710026274332142,-0.5528709166723792,FALSE,FALSE
23,20,180,13.411766366505882,-0.5002194586814506,-0.4875536191039763,FALSE,FALSE
24,4,900,0.44567091880171006,-0.3601385266067616,-0.3118891129229535,FALSE,FALSE
24,8,450,0.9716248182370835,-0.2439087788093678,-0.2281557709827706,FALSE,FALSE
24,12,300,2.5166597504437282,-0.15155297981854082,-0.14510093113952022,FALSE,FALSE
24,16,225,4.773811702306282,-0.11003835495186123,-0.10654417904315476,FALSE,FALSE
24,20,180,7.5812899907999105,-0.08731828092979135,-0.08510733267649308,FALSE,FALSE
25,4,900,10.070357099063404,0.10973072462630691,0.09502959510205648,FALSE,FALSE
25,8,450,10.054745994178386,0.10981587612866767,0.10272334602547038,FALSE,FALSE
25,12,300,8.280778870358041,0.1210082802857864,0.11585660780858878,FALSE,FALSE
25,16,225,6.701601519695074,0.13451210907386438,0.1302407895765781,FALSE,FALSE
25,20,180,7.489583298879549,0.1272394710494881,0.12401769568616344,FALSE,FALSE
26,4,900,11.492864444547086,-0.3514550308953526,-0.3043689850432201,FALSE,FALSE
26,8,450,10.604031612297492,-0.3658881967086577,-0.3422570684870865,FALSE,FALSE
26,12,300,9.29734191843841,-0.39075496517931574,-0.3741193961530609,FALSE,FALSE
26,16,225,9.201680596312608,-0.39278087155100105,-0.3803084435564654,FALSE,FALSE
26,20,180,9.47955053623261,-0.3869813483457973,-0.37718276176033644,FALSE,FALSE
27,4,900,12.124690737551058,-0.5342522283952098,-0.46267600181869767,FALSE,FALSE
27,8,450,10.394022991414088,-0.5770186371854622,-0.5397515115328043,FALSE,FALSE
27,12,300,8.202871919924322,-0.6495292481407289,-0.6218769094505269,FALSE,FALSE
27,16,225,8.712575030233625,-0.6302435528480135,-0.6102306960587376,FALSE,FALSE
27,20,180,8.650136230939102,-0.6325140889607539,-0.6164984745294669,FALSE,FALSE
28,4,900,6.3148134828124745,0.49540477023253005,0.42903311617736384,FALSE,FALSE
28,8,450,11.306689542050187,0.37023094375675863,0.3463193363799409,FALSE,FALSE
28,12,300,11.072468189496849,0.3741262899254904,0.35819865169897147,FALSE,FALSE
28,16,225,16.010457867988386,0.31112762358174156,0.3012480261692938,FALSE,FALSE
28,20,180,12.61234357005637,0.3505440108641996,0.34166803826978326,FALSE,FALSE
29,4,900,1.7367200453415041,3.2659975794850045,2.8284368725325,TRUE,FALSE
29,8,450,2.3485490834643694,2.808542152507653,2.627150622749061,TRUE,TRUE
29,12,300,5.429311747415516,1.8471764259423522,1.768536783005676,FALSE,FALSE
29,16,225,5.766058737035205,1.7924260042711235,1.7355090159627915,FALSE,FALSE
29,20,180,9.158797995970705,1.4222027917021711,1.386191812733424,FALSE,FALSE
30,4,900,1.6666202641575454,-1.1009906453501428,-0.953485868202247,FALSE,FALSE
30,8,450,6.2593722504669325,-0.568115407793417,-0.5314233030275821,FALSE,FALSE
30,12,300,12.69259437700039,-0.3989576134885608,-0.38197283399972376,FALSE,FALSE
30,16,225,9.196048417221496,-0.4687068853625464,-0.4538234903154728,FALSE,FALSE
30,20,180,10.99085027991145,-0.42873240689373127,-0.41787665989481554,FALSE,FALSE
31,4,900,0.6146660843996984,-1.7841590191936534,-1.5451270350128317,FALSE,FALSE
31,8,450,2.4387120379252005,-0.8957213459301031,-0.8378705976226167,FALSE,FALSE
31,12,300,2.626141599217362,-0.8631655830974423,-0.8264181277397973,FALSE,FALSE
31,16,225,3.9545958444217226,-0.7033996245913563,-0.681063757942718,FALSE,FALSE
31,20,180,6.502280607851049,-0.5485551935625799,-0.534665465843134,FALSE,FALSE
32,4,900,8.101904308598336,-1.4029126666748446,-1.2149580086313858,FALSE,FALSE
32,8,450,8.499910203734244,-1.3696734023487278,-1.2812121508414784,FALSE,FALSE
32,12,300,9.43443975025805,-1.300068193984081,-1.2447205308521847,FALSE,FALSE
32,16,225,11.211031827768181,-1.1926181059304841,-1.1547475156635496,FALSE,FALSE
32,20,180,7.310023436778631,-1.4769466444428045,-1.4395495201639703,FALSE,FALSE
33,4,900,6.0312400440890634,2.781363141605758,2.4087311377802814,TRUE,FALSE
33,8,450,13.327852453203263,1.8710307018084535,1.7501889615756079,FALSE,FALSE
33,12,300,18.417466940964367,1.5916444254496673,1.5238835188347735,FALSE,FALSE
33,16,225,16.50412600456241,1.681375584468184,1.6279849093412597,FALSE,FALSE
33,20,180,18.824601681874483,1.5743384569246202,1.5344753168768157,FALSE,FALSE
34,4,900,1.5528030500977563,-1.2256110569998744,-1.0614103105209889,FALSE,FALSE
34,8,450,4.687085918563602,-0.7054388942889417,-0.659877662433465,FALSE,FALSE
34,12,300,10.338823845941066,-0.47497996390626385,-0.45475869308498407,FALSE,FALSE
34,16,225,11.169604821621656,-0.4569744870259518,-0.44246364447329717,FALSE,FALSE
34,20,180,12.036657159312346,-0.44020798166566266,-0.42906166662386486,FALSE,FALSE
35,4,900,20.67882972563618,-0.9743104364373791,-0.8437775891270739,FALSE,FALSE
35,8,450,11.724232851927425,-1.293951849000448,-1.2103811234855815,FALSE,FALSE
35,12,300,15.698149575753597,-1.1182427772230963,-1.0706359479661243,FALSE,FALSE
35,16,225,15.888137778663028,-1.1115367716023465,-1.0762408512782613,FALSE,FALSE
35,20,180,13.21411230748446,-1.2188249513168012,-1.1879636142806658,FALSE,FALSE
36,4,900,2.4062877537848104,2.4551238925680807,2.126199660402095,TRUE,FALSE
36,8,450,6.555106696448578,1.4875011516998824,1.3914299180231524,FALSE,FALSE
36,12,300,4.93692854283879,1.7140313954968,1.6410601215940614,FALSE,FALSE
36,16,225,4.692636784487063,1.758080362120568,1.7022539909468162,FALSE,FALSE
36,20,180,4.630680258599954,1.769802465739332,1.7249900664497082,FALSE,FALSE
37,4,900,6.382104564479458,-0.4861086331453605,-0.4209824253028124,FALSE,FALSE
37,8,450,14.689253107415697,-0.3204169150279033,-0.29972257924036816,FALSE,FALSE
37,12,300,10.601103976754468,-0.37717226057488035,-0.3611149465681276,FALSE,FALSE
37,16,225,8.740873418043305,-0.41537262995799673,-0.40218281957442437,FALSE,FALSE
37,20,180,10.168031954522212,-0.3851206807427782,-0.3753692073132689,FALSE,FALSE
38,4,900,5.04099476262611,0.5236284107187079,0.45347550582567286,FALSE,FALSE
38,8,450,5.3009292462141095,0.5106288184877775,0.4776495226486107,FALSE,FALSE
38,12,300,8.33853457926025,0.4071331433480759,0.38980030790749487,FALSE,FALSE
38,16,225,9.875757108983825,0.3741072505302839,0.36222778774980885,FALSE,FALSE
38,20,180,11.686861494961336,0.34390015912569216,0.3351924126145199,FALSE,FALSE
39,4,900,7.100481023387381,-0.5242110040223219,-0.4539800464266773,FALSE,FALSE
39,8,450,15.747481746498792,-0.35200145769677776,-0.3292672135865859,FALSE,FALSE
39,12,300,10.754489054692382,-0.4259465724057513,-0.4078127948771641,FALSE,FALSE
39,16,225,10.129287069756924,-0.4388949451871966,-0.42495820336115736,FALSE,FALSE
39,20,180,8.72908620503943,-0.4727871100708062,-0.46081587307367067,FALSE,FALSE
40,4,900,3.1874692813469143,-0.03832920842942895,-0.03319406820683411,FALSE,FALSE
40,8,450,5.652964990470164,-0.028781584974683236,-0.026922707505896353,FALSE,FALSE
40,12,300,4.7381711662038395,-0.03143746229994877,-0.030099078605038864,FALSE,FALSE
40,16,225,4.628734836586178,-0.03180692634508454,-0.03079692400713959,FALSE,FALSE
40,20,180,5.123214868749054,-0.030233022622211916,-0.029467505392065656,FALSE,FALSE
41,4,900,9.081986642459839,0.9768966437348491,0.8460173103461355,FALSE,FALSE
41,8,450,11.289182010711807,0.8762092011152423,0.8196186574280351,FALSE,FALSE
41,12,300,9.709670146972151,0.9447933084336466,0.9045707247211682,FALSE,FALSE
41,16,225,10.299979361159654,0.917320015456546,0.8881912857514832,FALSE,FALSE
41,20,180,9.46726759175671,0.9568122361504238,0.9325852092354969,FALSE,FALSE
42,4,900,13.24398515100489,1.562946004094514,1.3535509442892264,FALSE,FALSE
42,8,450,7.851307120535426,2.0299359457038544,1.8988312064801933,TRUE,FALSE
42,12,300,7.923312898031399,2.0206910300191687,1.9346643685404286,TRUE,FALSE
42,16,225,7.158468931932164,2.1259020212002517,2.0583957809443154,TRUE,FALSE
42,20,180,6.825298408871496,2.17717077057973,2.1220435754369884,TRUE,TRUE
43,4,900,1.0312976261863775,-3.4049938263806303,-2.948811153374806,TRUE,FALSE
43,8,450,2.38196721026454,-2.24047678614966,-2.095774129198104,TRUE,FALSE
43,12,300,9.4725160291732209,-1.123506691689847,-1.0756757623695021,FALSE,FALSE
43,16,225,4.7285529630157,-1.590172391483306,-1.5396777974534162,FALSE,FALSE
43,20,180,5.677747232998681,-1.4511767466296728,-1.4144321307368364,FALSE,FALSE
44,4,900,0.19406674830332313,11.527643988883572,9.983232540156152,TRUE,TRUE
44,8,450,4.795009662835986,2.319110150595388,2.1693289064294152,TRUE,FALSE
44,12,300,6.791230086280432,1.9486861471087884,1.8657249417512092,FALSE,FALSE
44,16,225,4.614781430906924,2.3639623309459195,2.2888966847038033,TRUE,TRUE
44,20,180,8.087096799308812,1.7857464662550042,1.7405303558556866,FALSE,FALSE
45,4,900,4.399132859578895,0.1724173838886012,0.14931783450158242,FALSE,FALSE
45,8,450,15.526749279708763,0.0917749846005034,0.08584763726288457,FALSE,FALSE
45,12,300,14.774984353888845,0.09408081600798371,0.09007552356588004,FALSE,FALSE
45,16,225,12.141936334551248,0.10378166041547071,0.1004861606077179,FALSE,FALSE
45,20,180,11.83306271511779,0.10512742025103912,0.10246553451871834,FALSE,FALSE
46,4,900,29.079753440081202,0.11718963468633682,0.10148920069858569,FALSE,FALSE
46,8,450,19.362421914412593,0.14361662638118866,0.13434105274068195,FALSE,FALSE
46,12,300,14.96198006166654,0.1633766642434755,0.1564212471215091,FALSE,FALSE
46,16,225,12.26357689515175,0.18045793406661897,0.17472764333275284,FALSE,FALSE
46,20,180,12.372898918535165,0.17965893791155207,0.17510987200307004,FALSE,FALSE
47,4,900,4.200815919774315,0.8252370659153908,0.7146762632272617,FALSE,FALSE
47,8,450,3.1932919194663945,0.9465122538093255,0.8853811415344286,FALSE,FALSE
47,12,300,5.53719385983493,0.7187877839690981,0.6881869090961212,FALSE,FALSE
47,16,225,7.832466643595817,0.6043607825068017,0.5851698114374314,FALSE,FALSE
47,20,180,6.397811080141808,0.6686977254683337,0.6517659208981372,FALSE,FALSE
48,4,900,12.699856958847246,7.361130372146101e-5,6.374925902847722e-5,FALSE,FALSE
48,8,450,13.724321026397584,7.08106352000877e-5,6.623728406464076e-5,FALSE,FALSE
48,12,300,13.862365354909993,7.04571795071432e-5,6.745761359619325e-5,FALSE,FALSE
48,16,225,13.918310244263164,7.03154350002631e-5,6.808262718433728e-5,FALSE,FALSE
48,20,180,12.788996949143272,7.335431778206374e-5,7.149694497255384e-5,FALSE,FALSE
49,4,900,8.650804299428552,-0.8061799253501941,-0.6981722953743105,FALSE,FALSE
49,8,450,8.232712772298987,-0.8263970180815926,-0.7730236267782373,FALSE,FALSE
49,12,300,10.355571586963976,-0.7368399860999915,-0.7054705767709352,FALSE,FALSE
49,16,225,9.20059888745783,-0.7817217121906702,-0.7568987931708033,FALSE,FALSE
49,20,180,7.385153835783928,-0.8725301648214016,-0.8504372076156469,FALSE,FALSE
50,4,900,3.9340938356084036,-2.2165024805594515,-1.9195474557157088,TRUE,FALSE
50,8,450,5.570085712294858,-1.8627717364578593,-1.7424634068978178,FALSE,FALSE
50,12,300,7.401836295800287,-1.6159236644811696,-1.5471291204392295,FALSE,FALSE
50,16,225,6.926198844544489,-1.6704870033573265,-1.6174420860147147,FALSE,FALSE
50,20,180,13.25408695819732,-1.2075793312419725,-1.1770027396657448,FALSE,FALSE
51,4,900,3.389807786019257,-0.999668396668723,-0.8657382268755731,FALSE,FALSE
51,8,450,8.659933484547954,-0.6254408177464997,-0.5850463139277813,FALSE,FALSE
51,12,300,16.068227017976884,-0.45915521315413227,-0.43960764774140576,FALSE,FALSE
51,16,225,14.179993089547931,-0.4887710666657668,-0.4732505503261375,FALSE,FALSE
51,20,180,11.038801217053786,-0.5539652757523149,-0.5399385616923201,FALSE,FALSE
52,4,900,3.190496596609783,1.7204671071710198,1.4899682211856273,FALSE,FALSE
52,8,450,3.206304365903304,1.716220730604636,1.6053774935003517,FALSE,FALSE
52,12,300,4.710570744805266,1.4159201150121032,1.3556403005300597,FALSE,FALSE
52,16,225,7.772237369143082,1.1023068060529986,1.0673039755635882,FALSE,FALSE
52,20,180,8.546753035012143,1.0511747962337323,1.0245584559336656,FALSE,FALSE
53,4,900,11.84685345283539,-1.5349864868778444,-1.329337292102042,FALSE,FALSE
53,8,450,11.508494087401575,-1.557387968273678,-1.4568030488910169,FALSE,FALSE
53,12,300,3.65819699908968,-2.7623106643509554,-2.644711110094024,TRUE,TRUE
53,16,225,9.851572021857965,-1.6832681125222604,-1.6298173417501767,FALSE,FALSE
53,20,180,8.151734523041975,-1.8504657485169462,-1.8036109092907657,FALSE,FALSE
54,4,900,5.858709162689215,1.01292004466145,0.8772144906792837,FALSE,FALSE
54,8,450,5.495917850545672,1.0458177748234303,0.9782729505968936,FALSE,FALSE
54,12,300,5.755922565968188,1.0219241530194783,0.9784178861717846,FALSE,FALSE
54,16,225,5.332967717676735,1.0616751635946169,1.0279625569209965,FALSE,FALSE
54,20,180,5.018585570107181,1.0944236474346383,1.0667122217641132,FALSE,FALSE
55,4,900,4.4751130481457295,-0.5387038456669536,-0.4665312154639534,FALSE,FALSE
55,8,450,12.719108045730103,-0.31953891260834805,-0.2989012831806846,FALSE,FALSE
55,12,300,10.191887173517161,-0.35696429433199467,-0.34176729189456384,FALSE,FALSE
55,16,225,10.378186496766405,-0.35374584370484713,-0.34251294036474117,FALSE,FALSE
55,20,180,9.252199245462627,-0.3746533264040723,-0.3651668923059078,FALSE,FALSE
56,4,900,1.209802675077316,4.557119684526126,3.9465814148857516,TRUE,TRUE
56,8,450,9.14236982314875,1.6577472354403302,1.550680547222348,FALSE,FALSE
56,12,300,4.487541189899846,2.366156582108635,2.265422452906893,TRUE,TRUE
56,16,225,10.753814864718978,1.5285034636232337,1.4799671148082847,FALSE,FALSE
56,20,180,10.930535117094355,1.5160970161227105,1.477708582292658,FALSE,FALSE
57,4,900,4.164967290465857,0.0774909641940496,0.06710914355579728,FALSE,FALSE
57,8,450,12.7398913288872,0.04430716887148756,0.04144556142376046,FALSE,FALSE
57,12,300,11.13226111994619,0.047398562420238856,0.04538066852981754,FALSE,FALSE
57,16,225,9.074432337647707,0.05249852829151878,0.05083148144336279,FALSE,FALSE
57,20,180,11.263834960814927,0.04712091585948319,0.045927787622142974,FALSE,FALSE
58,4,900,21.249742292347612,-0.12555419688675395,-0.108733124055682,FALSE,FALSE
58,8,450,15.343869411556465,-0.14775446758644586,-0.13821164876841902,FALSE,FALSE
58,12,300,6.834232912354276,-0.2213926406665518,-0.21196731563191493,FALSE,FALSE
58,16,225,8.993672051053178,-0.1929921056485797,-0.18686380278161288,FALSE,FALSE
58,20,180,9.564763933213786,-0.1871418594300785,-0.1824033217170123,FALSE,FALSE
59,4,900,20.101756571951622,-0.9426930896585388,-0.816396163616336,FALSE,FALSE
59,8,450,15.46665731272224,-1.0747045725442501,-1.005294075614981,FALSE,FALSE
59,12,300,12.133420175091285,-1.2133768634975626,-1.1617199010369283,FALSE,FALSE
59,16,225,10.017513624720504,-1.3353876559040745,-1.2929835380118604,FALSE,FALSE
59,20,180,9.43729667901681,-1.3758260374755087,-1.3409893441507212,FALSE,FALSE
60,4,900,13.758012128258045,0.245216871129077,0.21236403983431557,FALSE,FALSE
60,8,450,7.7989030457752655,0.3256952539325446,0.30466001317848,FALSE,FALSE
60,12,300,9.61568857020935,0.2933175144327938,0.2808301394976677,FALSE,FALSE
60,16,225,7.056840380910762,0.3423915543719749,0.3315191969911825,FALSE,FALSE
60,20,180,7.466388435611127,0.33286865455153863,0.3244402319747105,FALSE,FALSE
61,4,900,6.209953899974268,-2.2286471433230095,-1.9300650421893448,TRUE,FALSE
61,8,450,8.989847579933127,-1.8522915132936466,-1.7326600557934637,FALSE,FALSE
61,12,300,10.126805209765939,-1.745216349832485,-1.6709174422291897,FALSE,FALSE
61,16,225,8.36833516445043,-1.9198441206375711,-1.858881076635884,FALSE,FALSE
61,20,180,8.990135564929773,-1.8522618454185975,-1.80536152800314,FALSE,FALSE
62,4,900,2.9657845179991407,0.6904267179882543,0.5979270772293426,FALSE,FALSE
62,8,450,10.563714398210328,0.36582978398726906,0.3422024283894701,FALSE,FALSE
62,12,300,9.555035236066248,0.38465487388862457,0.3682790033915648,FALSE,FALSE
62,16,225,7.698874570082989,0.4285226323524633,0.41491525464351353,FALSE,FALSE
62,20,180,5.501010863740626,0.5069511759807569,0.4941148855143495,FALSE,FALSE
63,4,900,3.149159012320651,-2.391738871911123,-2.071306622293768,TRUE,FALSE
63,8,450,7.71803413057113,-1.5277690571323728,-1.4290970944760006,FALSE,FALSE
63,12,300,10.642410256821051,-1.3010412277136385,-1.2456521397216243,FALSE,FALSE
63,16,225,5.844270368340731,-1.75568220611193,-1.6999319863760507,FALSE,FALSE
63,20,180,9.740041088743439,-1.3599741786146256,-1.3255388633207248,FALSE,FALSE
64,4,900,5.95199610784553,-0.22912169299044047,-0.19842520668782038,FALSE,FALSE
64,8,450,5.299431438076024,-0.24281912513263268,-0.22713649330062527,FALSE,FALSE
64,12,300,7.3207681368525535,-0.20659471283566672,-0.1977993783880036,FALSE,FALSE
64,16,225,6.103539056524732,-0.22625941762494697,-0.21907473909600214,FALSE,FALSE
64,20,180,7.9100928136091495,-0.19874981782687504,-0.19371736004267973,FALSE,FALSE
65,4,900,5.083529573349496,-0.3519898201193959,-0.30483212609691174,FALSE,FALSE
65,8,450,3.8384132755193456,-0.40507637449544803,-0.3789142522096251,FALSE,FALSE
65,12,300,9.715607529420272,-0.25461137324197175,-0.2437718306849305,FALSE,FALSE
65,16,225,8.654302485485797,-0.26977192153602414,-0.2612055398458489,FALSE,FALSE
65,20,180,11.36278489080535,-0.23543465421005122,-0.2294733156226581,FALSE,FALSE
66,4,900,1.9426044339470936,1.5455149423865322,1.3384552020351799,FALSE,FALSE
66,8,450,9.953216043976113,0.6827845425613461,0.6386864568124319,FALSE,FALSE
66,12,300,18.991185793557587,0.49429857088188944,0.4732548510875387,FALSE,FALSE
66,16,225,11.921248426166272,0.6238849754295975,0.6040740299469637,FALSE,FALSE
66,20,180,9.984693280380103,0.6817074370665118,0.664446219241409,FALSE,FALSE
67,4,900,1.0754587387453016,-3.7448332141123744,-3.243120696357046,TRUE,TRUE
67,8,450,7.256299575607955,-1.4416895626731518,-1.348577100402723,FALSE,FALSE
67,12,300,13.192959338963657,-1.0691982628427075,-1.0236794004115943,FALSE,FALSE
67,16,225,9.19257694114043,-1.2808867101756087,-1.2402132242221349,FALSE,FALSE
67,20,180,14.072421509007455,-1.0352492843210035,-1.0090361869887483,FALSE,FALSE
68,4,900,3.7140278091832872,0.7370462678881297,0.638300791755631,FALSE,FALSE
68,8,450,3.7810111660102006,0.7304884391586478,0.6833093660827303,FALSE,FALSE
68,12,300,5.4113033247948295,0.6106134802451934,0.5846178983481873,FALSE,FALSE
68,16,225,6.756876645623915,0.5464423266686196,0.5290905077125991,FALSE,FALSE
68,20,180,5.705751571216291,0.5946492805762325,0.579592424506514,FALSE,FALSE
69,4,900,1.4710841822812006,-2.079905351087441,-1.8012508715089157,TRUE,FALSE
69,8,450,6.968562421422603,-0.9556321185249198,-0.8939119938292992,FALSE,FALSE
69,12,300,5.21707776174152,-1.1044566644442295,-1.057436749881051,FALSE,FALSE
69,16,225,6.5186893306316644,-0.9880574411947985,-0.9566825037109422,FALSE,FALSE
69,20,180,5.982818871236509,-1.0313579194184428,-1.0052433536461616,FALSE,FALSE
70,4,900,6.832762463718685,-0.3130484723917121,-0.27110792970713415,FALSE,FALSE
70,8,450,6.959206584359965,-0.31019149506866495,-0.2901575747095307,FALSE,FALSE
70,12,300,7.3416032446281205,-0.3020051125575969,-0.28914788144364734,FALSE,FALSE
70,16,225,8.586907638022733,-0.27924882511770566,-0.27038151228221535,FALSE,FALSE
70,20,180,8.426585614669703,-0.28189276634740273,-0.27475508208774196,FALSE,FALSE
71,4,900,10.026449948150411,-0.9414667560148284,-0.8153341275273673,FALSE,FALSE
71,8,450,7.166075873576609,-1.1136222086003986,-1.041698190721298,FALSE,FALSE
71,12,300,8.563205122000351,-1.0187330850182295,-0.9753626711646951,FALSE,FALSE
71,16,225,6.71905839465866,-1.150070269522228,-1.1135507502069661,FALSE,FALSE
71,20,180,5.350770915519507,-1.288755125480119,-1.256123116887319,FALSE,FALSE
72,4,900,9.10210904537366,-0.7196539088139852,-0.623238566965681,FALSE,FALSE
72,8,450,10.91823611489651,-0.6570803271296763,-0.6146423649271479,FALSE,FALSE
72,12,300,10.750721402737955,-0.6621797597038092,-0.6339888521480049,FALSE,FALSE
72,16,225,8.515946023932448,-0.7440091140187833,-0.7203837270053208,FALSE,FALSE
72,20,180,8.886541430099385,-0.7283302041700741,-0.7098884715158436,FALSE,FALSE
73,4,900,8.882013525993123,0.10866292356690341,0.09410485225842512,FALSE,FALSE
73,8,450,5.691971272618537,0.13573934551325217,0.12697253120388005,FALSE,FALSE
73,12,300,6.830881882149045,0.12390781902437403,0.1186327047969022,FALSE,FALSE
73,16,225,6.855793292866965,0.12368249661874374,0.11975506240543742,FALSE,FALSE
73,20,180,9.232167715668131,0.10658234171696818,0.10388361655034418,FALSE,FALSE
74,4,900,7.075778231597294,0.09118414199719695,0.07896778339186007,FALSE,FALSE
74,8,450,8.029347686344652,0.08559852680263946,0.08007009002701579,FALSE,FALSE
74,12,300,11.720359729267962,0.07084936327416182,0.06783310096595888,FALSE,FALSE
74,16,225,11.052253865620399,0.0729593567563038,0.07064259341679255,FALSE,FALSE
74,20,180,9.07455481913644,0.08051814447153857,0.07847937951897033,FALSE,FALSE
75,4,900,1.78584122799619,-0.3835814401514304,-0.33219127159135897,FALSE,FALSE
75,8,450,5.68321619205422,-0.2150215158759972,-0.2011342107981888,FALSE,FALSE
75,12,300,7.784126433496,-0.18372745835638687,-0.17590564906957853,FALSE,FALSE
75,16,225,9.386934514275971,-0.16730815643380126,-0.1619954258881944,FALSE,FALSE
75,20,180,8.121833109667225,-0.179867201317239,-0.17531286206154803,FALSE,FALSE
76,4,900,9.830889149181456,0.11785073341105054,0.10206172898859728,FALSE,FALSE
76,8,450,6.680582680976398,0.1429622970129816,0.1337289836621982,FALSE,FALSE
76,12,300,5.34692129452531,0.1598000067882434,0.15299685831871107,FALSE,FALSE
76,16,225,7.791976123645913,0.13237466760410188,0.12817122077260726,FALSE,FALSE
76,20,180,6.430025392419308,0.14572106786538647,0.14203132801898719,FALSE,FALSE
77,4,900,13.213219482955294,-0.28336396801229025,-0.2454003948158044,FALSE,FALSE
77,8,450,21.251688844008765,-0.22343552551002877,-0.20900479612307912,FALSE,FALSE
77,12,300,10.766234756353207,-0.31391858440699916,-0.3005541623397571,FALSE,FALSE
77,16,225,16.297169497893535,-0.2551484055533799,-0.24704638137990412,FALSE,FALSE
77,20,180,13.909908089698462,-0.2761765624969223,-0.26918361575137817,FALSE,FALSE
78,4,900,1.5887078390100624,-1.6174241428834377,-1.4007303964313287,FALSE,FALSE
78,8,450,6.916286206508645,-0.7751923215437908,-0.7251260190186913,FALSE,FALSE
78,12,300,7.229789531916399,-0.75819883596594,-0.7259201186230921,FALSE,FALSE
78,16,225,8.413013845135215,-0.7028621211737363,-0.680543322496475,FALSE,FALSE
78,20,180,11.553445987505933,-0.599777502526337,-0.5845907969767346,FALSE,FALSE
79,4,900,14.197849286333684,1.1246802210615536,0.9740016425732037,FALSE,FALSE
79,8,450,7.399293064253822,1.5579202560843564,1.4573009585456955,FALSE,FALSE
79,12,300,3.5910036237202076,2.2363121160613986,2.1411058413211213,TRUE,FALSE
79,16,225,6.056377917253434,1.7220028060567363,1.667322047495045,FALSE,FALSE
79,20,180,6.738900937579773,1.632472230361325,1.591137110294344,FALSE,FALSE
80,4,900,1.621256913262573,1.3778416528439332,1.1932458737551856,FALSE,FALSE
80,8,450,0.9442239042071126,1.8054594325822186,1.6888526556104868,FALSE,FALSE
80,12,300,7.96542583860529,0.6216139194148889,0.5951500170064785,FALSE,FALSE
80,16,225,6.679350472956029,0.6788254466784537,0.6572699124918655,FALSE,FALSE
80,20,180,8.03010978641305,0.6191052524923405,0.603429157383387,FALSE,FALSE
81,4,900,9.93480930455232,-0.8242469073233123,-0.7138187607327463,FALSE,FALSE
81,8,450,5.044459098219666,-1.1567241197242233,-1.0820163367564313,FALSE,FALSE
81,12,300,9.88957433980661,-0.8261298115085375,-0.7909590760639078,FALSE,FALSE
81,16,225,6.705346800742773,-1.0032899726767612,-0.9714313388984976,FALSE,FALSE
81,20,180,5.204728476387181,-1.1387753427342913,-1.1099409070570478,FALSE,FALSE
82,4,900,22.399011700187557,-0.2884845573318039,-0.2498349552488505,FALSE,FALSE
82,8,450,13.644273071066987,-0.3696253912102013,-0.3457528938402144,FALSE,FALSE
82,12,300,17.455634971246276,-0.32679031183382506,-0.312877903101851,FALSE,FALSE
82,16,225,14.53613435625719,-0.3581067723507192,-0.3467353913696065,FALSE,FALSE
82,20,180,16.405036864158443,-0.3370919591618111,-0.3285566001238915,FALSE,FALSE
83,4,900,9.124296973280662,0.29281516001326063,0.25358536718468905,FALSE,FALSE
83,8,450,7.50246253205786,0.3229173250484693,0.3020614986462218,FALSE,FALSE
83,12,300,4.497733206393636,0.4170579637812899,0.399302600029868,FALSE,FALSE
83,16,225,4.860304294232276,0.4012005628565944,0.38846077460815803,FALSE,FALSE
83,20,180,3.72044676725084,0.4585595223862859,0.44694853595529505,FALSE,FALSE
84,4,900,8.406284261347047,-0.7309096211717697,-0.6329862998052129,FALSE,FALSE
84,8,450,10.874015100267368,-0.6426444313707159,-0.6011388209268446,FALSE,FALSE
84,12,300,11.414042550944268,-0.6272576561498178,-0.6005534835455396,FALSE,FALSE
84,16,225,11.057613093746685,-0.637286941561896,-0.6170504278561707,FALSE,FALSE
84,20,180,11.103113927514704,-0.6359797922296536,-0.6198764242316768,FALSE,FALSE
85,4,900,6.092995369041451,-0.8553016363166073,-0.7407129449485809,FALSE,FALSE
85,8,450,8.667174261289198,-0.7171268159765488,-0.6708107120630827,FALSE,FALSE
85,12,300,9.630290959623785,-0.6803227947713033,-0.6513594857385977,FALSE,FALSE
85,16,225,8.095438246019325,-0.7420181780445797,-0.7184560115374569,FALSE,FALSE
85,20,180,9.925018904473182,-0.6701454227354976,-0.6531769616517961,FALSE,FALSE
86,4,900,5.099832006705284,-0.08734566114765654,-0.07564356146421801,FALSE,FALSE
86,8,450,11.445894933279293,-0.05830346879661768,-0.05453790117435214,FALSE,FALSE
86,12,300,9.805190653325974,-0.06299284893581537,-0.060311061165949635,FALSE,FALSE
86,16,225,9.325867058966695,-0.06459139459246939,-0.06254034889123644,FALSE,FALSE
86,20,180,11.008977707393415,-0.05944916724601159,-0.057943880711702804,FALSE,FALSE
87,4,900,3.637687803397813,-1.1892353515824825,-1.0299080255489481,FALSE,FALSE
87,8,450,6.264277797816513,-0.906243737095303,-0.8477133932800656,FALSE,FALSE
87,12,300,7.389693966925495,-0.8343865525131982,-0.7988643037234933,FALSE,FALSE
87,16,225,5.971195984131511,-0.9282177303754706,-0.898742952849661,FALSE,FALSE
87,20,180,5.093764576257156,-1.004988490874749,-0.9795416139456099,FALSE,FALSE
88,4,900,1.1632492273544832,-5.248364387712134,-4.5452168880762684,TRUE,TRUE
88,8,450,10.826965723297768,-1.7203110756275557,-1.6092036609177172,FALSE,FALSE
88,12,300,11.486144815779966,-1.6702182415218731,-1.599112220302164,FALSE,FALSE
88,16,225,11.066507091592017,-1.701590620582921,-1.6475580338950992,FALSE,FALSE
88,20,180,9.387446142685858,-1.8475093166308225,-1.8007293359319174,FALSE,FALSE
89,4,900,27.958429614187576,-1.3124482172126397,-1.1366134972577429,FALSE,FALSE
89,8,450,22.535172470441367,-1.4618678707285169,-1.367452179249712,FALSE,FALSE
89,12,300,15.274924946747783,-1.775615885582322,-1.7000227818192917,FALSE,FALSE
89,16,225,14.162508934600561,-1.8440320537602408,-1.7854763585215183,FALSE,FALSE
89,20,180,13.149492697396505,-1.9137449830497772,-1.8652878778196094,FALSE,FALSE
90,4,900,9.971594743502456,0.23206842804729486,0.20097715410527847,FALSE,FALSE
90,8,450,9.808173772358145,0.23399377001398977,0.2188811295079819,FALSE,FALSE
90,12,300,10.033745881823352,0.23134857118365978,0.2214993933919327,FALSE,FALSE
90,16,225,8.67293190411232,0.24883725521350386,0.2409356363394663,FALSE,FALSE
90,20,180,5.583071366979089,0.31014285526784624,0.30228986278075487,FALSE,FALSE
91,4,900,1.2674242821217478,-5.571375236995487,-4.824952489253639,TRUE,TRUE
91,8,450,3.114319131656242,-3.554200015144297,-3.3246496851841782,TRUE,TRUE
91,12,300,8.083048120814997,-2.206154071712288,-2.112231712144365,TRUE,FALSE
91,16,225,10.34555831569043,-1.9500531777917054,-1.8881308704515316,FALSE,FALSE
91,20,180,7.777161683325467,-2.249121190298098,-2.1921721698387504,TRUE,TRUE
92,4,900,16.789446270419756,0.025795965929754024,0.02233996181032485,FALSE,FALSE
92,8,450,15.210915220913106,0.02710143632524415,0.02535107235463335,FALSE,FALSE
92,12,300,10.664076612899493,0.03236744009742728,0.030989464557956325,FALSE,FALSE
92,16,225,11.27462396560815,0.03147885652292672,0.030479271767736977,FALSE,FALSE
92,20,180,13.189552711947035,0.02910415182205896,0.028367218238970576,FALSE,FALSE
93,4,900,5.654536864049676,0.6653615029079489,0.5762199642184774,FALSE,FALSE
93,8,450,5.575988144036749,0.6700315739723367,0.626757147031341,FALSE,FALSE
93,12,300,6.519885410522043,0.6196353809830316,0.5932557106780806,FALSE,FALSE
93,16,225,5.32357600185192,0.6857320687100232,0.6639572205185701,FALSE,FALSE
93,20,180,6.6651754030941435,0.6128446481630602,0.5973270750962154,FALSE,FALSE
94,4,900,3.568411891377418,-0.9824440002177371,-0.8508214619841649,FALSE,FALSE
94,8,450,3.57034588073969,-0.982177878435404,-0.918743278493447,FALSE,FALSE
94,12,300,3.2582745082368882,-1.0281381122881548,-0.9843672992221092,FALSE,FALSE
94,16,225,5.327585619679425,-0.8040444800164593,-0.7785127201784373,FALSE,FALSE
94,20,180,5.474502215581218,-0.7931822297039705,-0.7730984070881624,FALSE,FALSE
95,4,900,1.5644391590057094,-6.36928575854319,-5.51596327086084,TRUE,TRUE
95,8,450,6.000950484023365,-3.252071245295305,-3.042034099318577,TRUE,TRUE
95,12,300,5.8072539330552475,-3.305861575479507,-3.1651214868541553,TRUE,TRUE
95,16,225,7.60047535719697,-2.88967962265929,-2.797920263608591,TRUE,TRUE
95,20,180,6.9043875049521555,-3.0318484864156643,-2.955080368171381,TRUE,TRUE
96,4,900,8.881068139040234,0.7717910157647988,0.668390626064912,FALSE,FALSE
96,8,450,10.217618724900884,0.7195441943832469,0.6730719625060951,FALSE,FALSE
96,12,300,10.461843532521963,0.7110959572986313,0.6808225457336531,FALSE,FALSE
96,16,225,11.938841246344898,0.6656581155050408,0.6445206989047091,FALSE,FALSE
96,20,180,8.649855212631323,0.7820380800446922,0.7622364336004865,FALSE,FALSE
97,4,900,7.923051365697893,2.1849375325710656,1.8922114088886322,TRUE,FALSE
97,8,450,12.298735734850698,1.7536988848489186,1.640435096668045,FALSE,FALSE
97,12,300,15.443834533921022,1.5649760326294149,1.4983504766283693,FALSE,FALSE
97,16,225,17.03559175534403,1.4900699235290775,1.442753999628169,FALSE,FALSE
97,20,180,16.622968700939744,1.5084501660312066,1.4702553547699106,FALSE,FALSE
98,4,900,4.456073620301673,-2.6299184165478677,-2.2775761586109984,TRUE,FALSE
98,8,450,9.511115734084717,-1.800125242230919,-1.6838629774278873,FALSE,FALSE
98,12,300,9.243951877171618,-1.8259530942868922,-1.7482169899618354,FALSE,FALSE
98,16,225,7.873256092103326,-1.9785237417626067,-1.91569737548064,TRUE,FALSE
98,20,180,7.28592969254549,-2.056723768233792,-2.0046463593055304,TRUE,FALSE
99,4,900,10.244544061968236,0.8140815667786464,0.7050153175829457,FALSE,FALSE
99,8,450,7.375444108330124,0.9594451467541956,0.897478755139311,FALSE,FALSE
99,12,300,5.666504248021759,1.0946029875448164,1.0480025725064805,FALSE,FALSE
99,16,225,8.063336137260706,0.9176072920358426,0.8884694401033261,FALSE,FALSE
99,20,180,6.526706560229206,1.0199225520993636,0.9940975362945202,FALSE,FALSE
100,4,900,10.92369553766262,0.00905666581157329,0.007843302666408479,FALSE,FALSE
100,8,450,6.569711004573615,0.011678310106691325,0.010924058818934592,FALSE,FALSE
100,12,300,5.639127000788405,0.012605126209830005,0.012068489529981154,FALSE,FALSE
100,16,225,6.5251911031252074,0.011718081616821543,0.01134598373786228,FALSE,FALSE
100,20,180,8.263531927225948,0.010412866046170855,0.010149206389207136,FALSE,FALSE
101,4,900,9.376561549959531,0.11071477130914066,0.09588180452790032,FALSE,FALSE
101,8,450,9.604691163869349,0.10939202688664566,0.10232687136364783,FALSE,FALSE
101,12,300,8.039202253421081,0.11956963244287827,0.11447920736527335,FALSE,FALSE
101,16,225,8.605184392180336,0.11557057692841449,0.11190072993883311,FALSE,FALSE
101,20,180,7.032063077100565,0.12784566097902064,0.12460853654386823,FALSE,FALSE
102,4,900,3.377944477204905,1.4508873221105596,1.25650527897652,FALSE,FALSE
102,8,450,13.022740428589023,0.7389392699297475,0.6912143944274958,FALSE,FALSE
102,12,300,15.515936756433847,0.6769723624997972,0.6481516910591562,FALSE,FALSE
102,16,225,12.57031534673072,0.7521195072940126,0.7282365815268597,FALSE,FALSE
102,20,180,5.8844365624402055,1.099277899199907,1.0714435611295132,FALSE,FALSE
103,4,900,3.885773484010229,-2.0525394605563467,-1.7775513151118039,TRUE,FALSE
103,8,450,7.769003090597152,-1.4516021687096252,-1.3578494943023605,FALSE,FALSE
103,12,300,7.010781750783257,-1.5280833079371996,-1.4630283819290508,FALSE,FALSE
103,16,225,9.626409556399379,-1.3040615441488854,-1.2626521607295405,FALSE,FALSE
103,20,180,7.993078038257712,-1.4311107003222792,-1.3948741680696786,FALSE,FALSE
104,4,900,20.32737159304082,0.6721817686093939,0.5821264875764884,FALSE,FALSE
104,8,450,16.268367565713717,0.7513726005484,0.7028447102653668,FALSE,FALSE
104,12,300,17.728270329301967,0.7197706930803891,0.6891279729237318,FALSE,FALSE
104,16,225,12.38129048803098,0.8612800460257192,0.833930818669592,FALSE,FALSE
104,20,180,11.71425648192876,0.8854621017936278,0.863041700630479,FALSE,FALSE
105,4,900,3.0135145091543687,1.8108322768738396,1.5682267537655612,FALSE,FALSE
105,8,450,3.478283839182874,1.6855139871081153,1.5766539650934692,FALSE,FALSE
105,12,300,4.190711318913917,1.535574875579711,1.4702010118695814,FALSE,FALSE
105,16,225,3.716616080938217,1.6305759012619065,1.5787983275786284,FALSE,FALSE
105,20,180,4.531692511380228,1.4766740850691544,1.4392838621477984,FALSE,FALSE
106,4,900,6.505129738140024,-0.9533576355629668,-0.825631931289396,FALSE,FALSE
106,8,450,9.44483304918124,-0.7912007453777598,-0.7401005283409358,FALSE,FALSE
106,12,300,7.554466578844112,-0.8846712797058691,-0.8470082646438887,FALSE,FALSE
106,16,225,8.112761068366552,-0.8536886112622871,-0.8265804435664439,FALSE,FALSE
106,20,180,6.938111502406869,-0.923130697188509,-0.8997565058876515,FALSE,FALSE
107,4,900,6.938229031753595,3.0008345574345108,2.598798959292519,TRUE,FALSE
107,8,450,9.945782268231175,2.5063798747184554,2.3445036930754637,TRUE,FALSE
107,12,300,8.222545024057297,2.7565332682899495,2.6391796744929725,TRUE,TRUE
107,16,225,8.067325456171423,2.7829254951169426,2.6945560240809874,TRUE,TRUE
107,20,180,7.1321365492182265,2.9597603212087065,2.884817516074698,TRUE,TRUE
108,4,900,6.721613971289273,-2.33892228672006,-2.0255661177771622,TRUE,FALSE
108,8,450,9.846063078163644,-1.9325078588579754,-1.8076955762736593,FALSE,FALSE
108,12,300,14.873243842485927,-1.5723518157266894,-1.5054122513066308,FALSE,FALSE
108,16,225,8.701246338455842,-2.055709976644474,-1.9904326260441214,TRUE,FALSE
108,20,180,9.535042231967122,-1.9637729119143217,-1.914049071233554,TRUE,FALSE
109,4,900,6.499623376270845,-2.0936777862405145,-1.813178150223451,TRUE,FALSE
109,8,450,7.656594016761933,-1.929017339291535,-1.8044304941937965,FALSE,FALSE
109,12,300,8.153729652796489,-1.8692861463324157,-1.7897052286520359,FALSE,FALSE
109,16,225,7.249073781345015,-1.9824976500789353,-1.919545095662764,TRUE,FALSE
109,20,180,6.30518334498641,-2.1257152165676225,-2.0718909051515664,TRUE,FALSE
110,4,900,6.524193624038767,2.7830866719671437,2.410223758857435,TRUE,FALSE
110,8,450,9.714732693095698,2.280734461086795,2.1334317358988226,TRUE,FALSE
110,12,300,9.634672528605838,2.290190839551674,2.192690791722019,TRUE,FALSE
110,16,225,11.736161750314304,2.075043039439755,2.009151783603448,TRUE,FALSE
110,20,180,13.088063185858969,1.9649543296297127,1.915200574784277,TRUE,FALSE
111,4,900,1.842772761685803,4.520863147371219,3.9151823326563475,TRUE,TRUE
111,8,450,5.202604585559408,2.690585782515249,2.5168125419742817,TRUE,TRUE
111,12,300,6.5056321085361875,2.4060935143831816,2.3036591544671725,TRUE,TRUE
111,16,225,6.433858576184545,2.4194769973113877,2.342648529279733,TRUE,TRUE
111,20,180,6.1912458734657605,2.4664267782010945,2.403975457365582,TRUE,TRUE
112,4,900,6.139036297034705,-0.042092146015228406,-0.03645286774899173,FALSE,FALSE
112,8,450,5.633189013175362,-0.04394141187488643,-0.04110342708173625,FALSE,FALSE
112,12,300,6.532886950040486,-0.040803610889047146,-0.039066483159515435,FALSE,FALSE
112,16,225,7.4973490064972,-0.03808880127656464,-0.03687932325528466,FALSE,FALSE
112,20,180,6.477231913433169,-0.040978536625121256,-0.039940936903627884,FALSE,FALSE
113,4,900,9.439283311696737,0.8426327663004711,0.729741381677364,FALSE,FALSE
113,8,450,11.430960986279016,0.7657138142915361,0.7162596873496939,FALSE,FALSE
113,12,300,7.261814562370388,0.9606944378485733,0.9197948970669607,FALSE,FALSE
113,16,225,11.617761730474145,0.7595329531314919,0.7354146195935017,FALSE,FALSE
113,20,180,8.335753759388615,0.8966757301041812,0.8739713935306882,FALSE,FALSE
114,4,900,14.827603074811718,-1.6966636925114684,-1.469353859393641,FALSE,FALSE
114,8,450,11.344869989873148,-1.9396862202687852,-1.8144103185230815,FALSE,FALSE
114,12,300,10.211640070777639,-2.0444829484495615,-1.957443396191214,TRUE,FALSE
114,16,225,9.283493738167632,-2.1442504889740985,-2.0761616084734484,TRUE,FALSE
114,20,180,9.858847861176356,-2.080741646755702,-2.0280560915606967,TRUE,FALSE
115,4,900,12.124649191244504,0.23518927114618318,0.2036798835101411,FALSE,FALSE
115,8,450,14.837644866855726,0.21260310894438264,0.19887199825821358,FALSE,FALSE
115,12,300,9.553374858516976,0.2649559566294635,0.253676015238561,FALSE,FALSE
115,16,225,10.77164243938155,0.2495233157019869,0.24159991155106275,FALSE,FALSE
115,20,180,9.16002682941316,0.27058500414395037,0.2637336388180365,FALSE,FALSE
116,4,900,35.731479262350916,0.4032734924581778,0.34924508914165414,FALSE,FALSE
116,8,450,22.480769609431825,0.5084164419627876,0.4755800339068472,FALSE,FALSE
116,12,300,20.471266633417457,0.5327860154532904,0.5101037738284675,FALSE,FALSE
116,16,225,17.088083450143177,0.5831476049885377,0.564630240625337,FALSE,FALSE
116,20,180,12.72295887600347,0.675820113143508,0.6587079656895297,FALSE,FALSE
117,4,900,1.344460712486348,-5.000287716879174,-4.330376189048655,TRUE,TRUE
117,8,450,7.4877308206740185,-2.1188193997014957,-1.9819740645332573,TRUE,FALSE
117,12,300,7.2207774650540015,-2.15763049655796,-2.0657739259263592,TRUE,FALSE
117,16,225,7.175756424803627,-2.1643884518497223,-2.095660107184407,TRUE,FALSE
117,20,180,6.829346184178673,-2.2186024505707276,-2.1624261818602077,TRUE,TRUE
118,4,900,4.468243094660765,-2.684368336808444,-2.3247311727906945,TRUE,FALSE
118,8,450,14.754586583004619,-1.4772261307096817,-1.381818515976342,FALSE,FALSE
118,12,300,15.167058358596499,-1.4570009167363558,-1.3949721737092222,FALSE,FALSE
118,16,225,14.372526598745528,-1.4967316535361135,-1.4492041919717142,FALSE,FALSE
118,20,180,14.32150584969687,-1.4993953566144953,-1.461429818248298,FALSE,FALSE
119,4,900,21.38589145495795,0.5346053805487839,0.46298184055509406,FALSE,FALSE
119,8,450,20.721553661334074,0.5431075586591683,0.5080306021674597,FALSE,FALSE
119,12,300,12.762101947022433,0.6920474930313022,0.6625850296829842,FALSE,FALSE
119,16,225,13.470341877075047,0.6736087119867071,0.6522188308461863,FALSE,FALSE
119,20,180,12.585635783446504,0.6968822850329172,0.6792368314756385,FALSE,FALSE
120,4,900,8.07620951752889,-1.4615220189108884,-1.26571519656715,FALSE,FALSE
120,8,450,9.129789152332922,-1.3746077159115961,-1.2858277785392698,FALSE,FALSE
120,12,300,8.152057561375743,-1.4547070128981046,-1.3927759279918943,FALSE,FALSE
120,16,225,7.942158172993253,-1.473804523808388,-1.4270050940687597,FALSE,FALSE
120,20,180,5.345094925340027,-1.7965174504555936,-1.7510286126451198,FALSE,FALSE
121,4,900,1.669082064447909,4.460427080419151,3.8628431633710396,TRUE,TRUE
121,8,450,4.957333512547281,2.5881605915472434,2.421002548879989,TRUE,TRUE
121,12,300,5.7404445878984625,2.4051519807137276,2.302757704609172,TRUE,TRUE
121,16,225,11.539679577394557,1.6963615264284604,1.642494985251105,FALSE,FALSE
121,20,180,13.066808114356718,1.5941549508628396,1.5537900459819136,FALSE,FALSE
122,4,900,3.2027190344011065,1.4552760597072505,1.2603060372257984,FALSE,FALSE
122,8,450,2.732397292328577,1.5755525112500057,1.4737944229922042,FALSE,FALSE
122,12,300,10.08880782433019,0.8199452997383411,0.7850378568468837,FALSE,FALSE
122,16,225,11.628730530383395,0.763727892504811,0.7394763521763054,FALSE,FALSE
122,20,180,11.41998035150357,0.7706765189549226,0.7511625536626898,FALSE,FALSE
123,4,900,5.511594546892477,-2.9369835000167583,-2.543502321510247,TRUE,FALSE
123,8,450,9.733069429044813,-2.2101168053037843,-2.067374967549532,TRUE,FALSE
123,12,300,4.983174068776955,-3.0887809391614174,-2.9572826010742217,TRUE,TRUE
123,16,225,12.288183326866811,-1.9669634799558395,-1.9045042001167882,TRUE,FALSE
123,20,180,11.69274598292829,-2.0164241028695296,-1.965367104258522,TRUE,FALSE
124,4,900,1.4391255835285446,-1.2478367196874602,-1.080658299024382,FALSE,FALSE
124,8,450,6.252572091874871,-0.5986565716989725,-0.559991945909556,FALSE,FALSE
124,12,300,9.865595597226019,-0.4765905794494804,-0.4563007400662333,FALSE,FALSE
124,16,225,8.116925393838534,-0.5254257237317774,-0.5087412694205383,FALSE,FALSE
124,20,180,9.338613307703854,-0.4898531576775238,-0.4774497987038102,FALSE,FALSE
125,4,900,12.230309684512711,-0.551246920891066,-0.4773938372496139,FALSE,FALSE
125,8,450,10.839355520816936,-0.5855489049604273,-0.5477308463906438,FALSE,FALSE
125,12,300,8.335780862273602,-0.6677159632055086,-0.6392893634545876,FALSE,FALSE
125,16,225,7.633186851038216,-0.6977694592937927,-0.6756123738342533,FALSE,FALSE
125,20,180,7.627755054670059,-0.698017859188577,-0.6803436522514881,FALSE,FALSE
126,4,900,5.838353589225435,0.2964784043068856,0.25675782980323664,FALSE,FALSE
126,8,450,8.452102503483138,0.24640861275604284,0.23049415152084182,FALSE,FALSE
126,12,300,8.908303803131718,0.24001630833871584,0.22979811990709018,FALSE,FALSE
126,16,225,9.37893004288041,0.23391690719091604,0.22648907148669095,FALSE,FALSE
126,20,180,7.811677479109968,0.2563103296933532,0.2498204071971296,FALSE,FALSE
127,4,900,10.465003066805062,-0.03212665297886155,-0.027822497618261114,FALSE,FALSE
127,8,450,7.406491657576896,-0.03818817404180056,-0.03572176587272799,FALSE,FALSE
127,12,300,5.906994077966631,-0.04276139792916291,-0.04094092154293631,FALSE,FALSE
127,16,225,7.627695849789818,-0.03763036912642975,-0.03643544823457504,FALSE,FALSE
127,20,180,5.496697342983,-0.04432862392126129,-0.043206198094891284,FALSE,FALSE
128,4,900,0.6446631930523896,6.138175549023615,5.315815958342944,TRUE,TRUE
128,8,450,2.463843644679297,3.1397796500867257,2.9369949301473746,TRUE,TRUE
128,12,300,4.371582307872923,2.3571456161357562,2.256795109817389,TRUE,TRUE
128,16,225,3.0677779208529654,2.813803617495616,2.7244536375146766,TRUE,TRUE
128,20,180,4.149389915185668,2.4194331052190265,2.3581716907592396,TRUE,TRUE
129,4,900,8.459684009017563,-0.9755618119072968,-0.8448613120736953,FALSE,FALSE
129,8,450,5.667284331967996,-1.1919124639628438,-1.1149320187936258,FALSE,FALSE
129,12,300,7.184925236328723,-1.058572812174896,-1.0135063059101042,FALSE,FALSE
129,16,225,8.397054783850725,-0.9791931552228557,-0.9480996957246035,FALSE,FALSE
129,20,180,9.090279561570263,-0.9411161852827731,-0.9172865912522317,FALSE,FALSE
130,4,900,2.852523686242156,-2.5759185819261954,-2.230810930028472,TRUE,FALSE
130,8,450,5.44607898666757,-1.8642527557844408,-1.7438487736236323,FALSE,FALSE
130,12,300,3.636836491781157,-2.2813129910799925,-2.184190898936678,TRUE,FALSE
130,16,225,6.139867439718026,-1.7557685449223135,-1.7000155835697373,FALSE,FALSE
130,20,180,5.50293168014413,-1.854597632924041,-1.8076381720480132,FALSE,FALSE
131,4,900,7.1887464849025635,0.784333231300239,0.679252503338343,FALSE,FALSE
131,8,450,6.08410908499982,0.8525673640770857,0.7975037438803539,FALSE,FALSE
131,12,300,10.076400159478546,0.6624826319525126,0.6342788302491007,FALSE,FALSE
131,16,225,9.386145192546268,0.6864099433858524,0.6646135698511455,FALSE,FALSE
131,20,180,8.867941940553154,0.7061805950793202,0.6882997030532947,FALSE,FALSE
132,4,900,9.979149577932022,1.242465041215818,1.076006289006978,FALSE,FALSE
132,8,450,10.575221450656116,1.2069414677473373,1.1289903645501518,FALSE,FALSE
132,12,300,12.570566280602414,1.1070150444279885,1.0598862122294432,FALSE,FALSE
132,16,225,10.877770491470892,1.1900384631760073,1.152249787306736,FALSE,FALSE
132,20,180,8.354065993703381,1.3579444152041082,1.3235604946676318,FALSE,FALSE
133,4,900,16.673766360522908,0.3893330748245859,0.33717233333159907,FALSE,FALSE
133,8,450,15.42981267360546,0.40472294704082773,0.3785836510980579,FALSE,FALSE
133,12,300,11.404512019812218,0.4707602685320535,0.450718642347241,FALSE,FALSE
133,16,225,9.580000492235508,0.5136359227111196,0.4973258436685115,FALSE,FALSE
133,20,180,15.790403354057036,0.40007511947440344,0.3899449911991886,FALSE,FALSE
134,4,900,0.9851039426763453,2.65209190787263,2.2967789653888366,TRUE,FALSE
134,8,450,6.294149451828216,1.0492067444058788,0.9814430413648237,FALSE,FALSE
134,12,300,10.32729150470594,0.8190989724177353,0.7842275601281009,FALSE,FALSE
134,16,225,9.209898911813214,0.8673655469579334,0.8398230796105409,FALSE,FALSE
134,20,180,10.024847995783322,0.8313630166231798,0.8103124348906129,FALSE,FALSE
135,4,900,3.970183748566586,0.8164176599228449,0.7070384335914282,FALSE,FALSE
135,8,450,6.523378446479339,0.6369148969764856,0.5957793322546078,FALSE,FALSE
135,12,300,9.90127833995909,0.516977996729195,0.4949687481820988,FALSE,FALSE
135,16,225,10.284582684188766,0.5072526878531392,0.4911453030935393,FALSE,FALSE
135,20,180,8.385956648656492,0.5617478094170166,0.5475240372034601,FALSE,FALSE
136,4,900,6.588298935277152,1.2120215277922504,1.0496414330017159,FALSE,FALSE
136,8,450,9.616273201655794,1.0032140027950738,0.9384207710183103,FALSE,FALSE
136,12,300,10.635512451777617,0.9539327780769544,0.9133211007081872,FALSE,FALSE
136,16,225,9.388114623494628,1.0153313368346164,0.9830903396107457,FALSE,FALSE
136,20,180,6.9194258896429535,1.18266556239806,1.1527198015381723,FALSE,FALSE
137,4,900,3.35475180597906,-1.9855052951536571,-1.7194980249515868,TRUE,FALSE
137,8,450,5.404382062860664,-1.5643294642962746,-1.4632962238580696,FALSE,FALSE
137,12,300,5.22325714576004,-1.5912211540518477,-1.523478267324563,FALSE,FALSE
137,16,225,4.565573981563033,-1.701976483289238,-1.647931643853971,FALSE,FALSE
137,20,180,6.478732049406666,-1.4287499823155476,-1.3925732247779086,FALSE,FALSE
138,4,900,1.6183681713000746,0.09552701579055392,0.0827288224223369,FALSE,FALSE
138,8,450,4.147194084561866,0.05967434968849783,0.055820242828224786,FALSE,FALSE
138,12,300,7.407699863633154,0.044650177140070996,0.04274928996002634,FALSE,FALSE
138,16,225,5.031909836690833,0.05417494134188768,0.05245466139972367,FALSE,FALSE
138,20,180,6.977511182878864,0.04600601370807261,0.04484111542370458,FALSE,FALSE
139,4,900,9.877084034949844,1.4732534325480384,1.2758748987992252,FALSE,FALSE
139,8,450,8.17637028698809,1.6192412554504794,1.5146615011063491,FALSE,FALSE
139,12,300,12.070690176406435,1.3326797068029175,1.275943677249882,FALSE,FALSE
139,16,225,9.303413655895941,1.5179961509659483,1.4697934530745194,FALSE,FALSE
139,20,180,6.496620662298048,1.8165530338317026,1.7705568837196404,FALSE,FALSE
140,4,900,4.667049583143719,2.039213381997999,1.7660105925474479,TRUE,FALSE
140,8,450,7.1757604822159005,1.644560719436506,1.5383456909694675,FALSE,FALSE
140,12,300,8.478695569292857,1.5129318263405973,1.4485219427257925,FALSE,FALSE
140,16,225,7.057418992750363,1.6582917073638885,1.605634041443551,FALSE,FALSE
140,20,180,9.200392799499195,1.4523814559649908,1.415606336150498,FALSE,FALSE
141,4,900,7.215545454617991,-1.9788228485265293,-1.7137108564130605,TRUE,FALSE
141,8,450,7.963723981354953,-1.883577093016867,-1.7619250359111869,FALSE,FALSE
141,12,300,6.5639558264916635,-2.074716089364079,-1.9863894248553904,TRUE,FALSE
141,16,225,13.002446319455661,-1.474106852413317,-1.4272978224817527,FALSE,FALSE
141,20,180,10.600060170507058,-1.6326283534014738,-1.5912892802108254,FALSE,FALSE
142,4,900,4.2228788402337285,1.4646231512849175,1.2684008559835576,FALSE,FALSE
142,8,450,6.840492791850468,1.1507646448545734,1.0764417584646016,FALSE,FALSE
142,12,300,9.238530046902255,0.9902133279624986,0.9480570826529133,FALSE,FALSE
142,16,225,9.547266099149214,0.9740711747884881,0.9431403594941271,FALSE,FALSE
142,20,180,5.882620981703191,1.2409228211255492,1.2095019535290887,FALSE,FALSE
143,4,900,23.278016558586607,-0.4183934417240184,-0.362339349309804,FALSE,FALSE
143,8,450,18.59136368274806,-0.46816854525791846,-0.4379315739048752,FALSE,FALSE
143,12,300,20.38953509070419,-0.44704803789368935,-0.4280159099487008,FALSE,FALSE
143,16,225,16.5100627600591,-0.4968021797905031,-0.4810266421720404,FALSE,FALSE
143,20,180,13.833844618744045,-0.5427332238597148,-0.5289909117055805,FALSE,FALSE
144,4,900,24.192753201372007,0.003070727430248012,0.002659327962692486,FALSE,FALSE
144,8,450,14.398216462138334,0.0039804261138687595,0.003723347692866234,FALSE,FALSE
144,12,300,7.397781500948013,0.0055530702298084355,0.0053166599692933145,FALSE,FALSE
144,16,225,10.633524329651577,0.00463175204011188,0.004484674628778885,FALSE,FALSE
144,20,180,9.762227754444341,0.004834031189908224,0.004711630786442762,FALSE,FALSE
145,4,900,18.35508429216135,-1.2470841546459972,-1.080006558580475,FALSE,FALSE
145,8,450,12.16287842197484,-1.5319894338136224,-1.433044895372092,FALSE,FALSE
145,12,300,8.71109826365143,-1.8102455827374848,-1.7331781926090368,FALSE,FALSE
145,16,225,8.346353500727087,-1.8493774819998958,-1.790652047159151,FALSE,FALSE
145,20,180,9.278008666254392,-1.754068566233021,-1.7096545581767177,FALSE,FALSE
146,4,900,3.0257457536679646,-4.043095863440105,-3.5014237276749105,TRUE,TRUE
146,8,450,15.535495443748077,-1.7842992832302538,-1.669059148328482,FALSE,FALSE
146,12,300,12.448395481006248,-1.9933041289815352,-1.908443407089558,TRUE,FALSE
146,16,225,10.103111656563877,-2.2125988311747262,-2.1423396062444278,TRUE,TRUE
146,20,180,7.754331258451256,-2.5255622654069523,-2.4616136005931395,TRUE,TRUE
147,4,900,6.258212229196052,-0.5476839406634956,-0.47430820585935624,FALSE,FALSE
147,8,450,5.619484459601643,-0.5779721508845299,-0.5406434419266811,FALSE,FALSE
147,12,300,10.487778579693922,-0.4230711345467694,-0.40505977272430604,FALSE,FALSE
147,16,225,7.720476463290685,-0.49309783805648955,-0.47743992871091645,FALSE,FALSE
147,20,180,11.226702542756685,-0.4089112340228557,-0.39855737033028243,FALSE,FALSE
148,4,900,9.272663705068366,-0.46500132369521463,-0.40270295911344667,FALSE,FALSE
148,8,450,20.160639646709594,-0.3153583178095865,-0.2949906948282109,FALSE,FALSE
148,12,300,18.71550632689339,-0.32730727121365455,-0.31337285402570864,FALSE,FALSE
148,16,225,12.171106015823579,-0.40587417716609137,-0.39298598220497766,FALSE,FALSE
148,20,180,12.603899488559206,-0.3988448404290768,-0.38874586351503593,FALSE,FALSE
149,4,900,7.201710052830644,-0.7470592400985027,-0.6469722800572016,FALSE,FALSE
149,8,450,5.350474389834479,-0.8667157987457613,-0.8107383926526887,FALSE,FALSE
149,12,300,6.942128723807646,-0.7608981475060494,-0.7285045126638725,FALSE,FALSE
149,16,225,3.7452864321882178,-1.0359298307736964,-1.0030347456064985,FALSE,FALSE
149,20,180,6.015697625469551,-0.8173910132445132,-0.796694210538929,FALSE,FALSE
150,4,900,3.2164725181220275,-4.240335382302399,-3.6722381616398767,TRUE,TRUE
150,8,450,6.230794183497841,-3.0466209726054205,-2.8498529667123704,TRUE,TRUE
150,12,300,9.049191032686178,-2.528047629989934,-2.4204213306515276,TRUE,TRUE
150,16,225,9.604677812868399,-2.4538540584380453,-2.3759339755885076,TRUE,TRUE
150,20,180,12.482279053008833,-2.1525001311904197,-2.0979976105887332,TRUE,TRUE
151,4,900,15.105645762199329,0.16902335439936306,0.14637851874270866,FALSE,FALSE
151,8,450,11.320273685532005,0.19524858762158143,0.1826383300328673,FALSE,FALSE
151,12,300,6.0946500472283365,0.266098224955255,0.2547696538980052,FALSE,FALSE
151,16,225,8.135131442742933,0.23032128620516926,0.22300762643742317,FALSE,FALSE
151,20,180,7.536745749585518,0.23928993515407113,0.2332309786729404,FALSE,FALSE
152,4,900,8.69871001705201,-0.5896397008434895,-0.5106429600103186,FALSE,FALSE
152,8,450,8.188346307885029,-0.6077375110339227,-0.5684863868449216,FALSE,FALSE
152,12,300,9.02933685286299,-0.578743619635249,-0.5541048298798107,FALSE,FALSE
152,16,225,7.4461174390047855,-0.6373077548263864,-0.6170705802128584,FALSE,FALSE
152,20,180,8.612418498910875,-0.592586265159652,-0.577581645806956,FALSE,FALSE
153,4,900,12.062943748717469,-0.1394782151607893,-0.12079167760375535,FALSE,FALSE
153,8,450,9.09445502788962,-0.16063667004143625,-0.15026184576182705,FALSE,FALSE
153,12,300,10.161922075352887,-0.15196553468111693,-0.14549592234838726,FALSE,FALSE
153,16,225,12.463126579474357,-0.13722066815305237,-0.13286334062805658,FALSE,FALSE
153,20,180,10.382057202703441,-0.15034580815618712,-0.1465389672702458,FALSE,FALSE
154,4,900,12.510682826805953,1.1449930796330292,0.991593094119582,FALSE,FALSE
154,8,450,9.100118570238513,1.3425171529166955,1.2558098055203686,FALSE,FALSE
154,12,300,10.653312019122344,1.2407978870349157,1.1879735322940148,FALSE,FALSE
154,16,225,7.715848399639976,1.457979862954115,1.4116829320817648,FALSE,FALSE
154,20,180,7.243887440992608,1.5047263356705058,1.46662581389984,FALSE,FALSE
155,4,900,9.199259529876409,-0.09961256427962785,-0.08626701120226805,FALSE,FALSE
155,8,450,5.9784504638032026,-0.12356521757035663,-0.11558467726761353,FALSE,FALSE
155,12,300,2.6633565743088212,-0.1851296152656346,-0.17724811210382016,FALSE,FALSE
155,16,225,7.131995053617128,-0.11313188909694852,-0.10953948059936652,FALSE,FALSE
155,20,180,12.094274002487005,-0.08687616750105019,-0.08467641380979123,FALSE,FALSE
156,4,900,5.772769695971755,2.05667972520796,1.7811368894784916,TRUE,FALSE
156,8,450,6.402698878265394,1.9528875828821401,1.8267590625075167,FALSE,FALSE
156,12,300,6.807624446812728,1.8939171993665675,1.8132876665195168,FALSE,FALSE
156,16,225,6.205750740596465,1.9836343433153159,1.9206456941563261,TRUE,FALSE
156,20,180,8.504346990066056,1.6944872164750304,1.6515818418889907,FALSE,FALSE
157,4,900,2.654111871766501,-2.6343046106042567,-2.28137471408976,TRUE,FALSE
157,8,450,3.2163725349204957,-2.3929985298178247,-2.2384451564080114,TRUE,FALSE
157,12,300,8.355637177762473,-1.484690116550246,-1.4214825642031226,FALSE,FALSE
157,16,225,4.683540439948661,-1.9830719291117982,-1.9201011389453524,TRUE,FALSE
157,20,180,9.53204476187247,-1.3900568676120757,-1.354859841620424,FALSE,FALSE
158,4,900,0.9089263939562683,5.860692435677124,5.075508533063686,TRUE,TRUE
158,8,450,4.2498080871341175,2.7103702937149183,2.53531925759277,TRUE,TRUE
158,12,300,12.967745442703158,1.5516045685368565,1.4855482744357633,FALSE,FALSE
158,16,225,11.267420963025092,1.6645660316340303,1.611709129795292,FALSE,FALSE
158,20,180,10.627475083619684,1.7139503628309105,1.670552170372359,FALSE,FALSE
159,4,900,1.6046766071153453,0.32438469244982826,0.28092538426035346,FALSE,FALSE
159,8,450,3.582375171599561,0.21710437712287564,0.2030825490906908,FALSE,FALSE
159,12,300,5.613501305180129,0.17343518131201766,0.16605154402676117,FALSE,FALSE
159,16,225,5.093876090322939,0.1820664500740216,0.17628508225994746,FALSE,FALSE
159,20,180,8.705154057545181,0.13927266372556069,0.13574620111867752,FALSE,FALSE
160,4,900,12.051469367064907,-1.3654541199345336,-1.1825179555654297,FALSE,FALSE
160,8,450,13.074968510927334,-1.3109218040133732,-1.2262550628674147,FALSE,FALSE
160,12,300,10.015209348812023,-1.4978457685221733,-1.4340781420212538,FALSE,FALSE
160,16,225,10.169754365867195,-1.486421166769199,-1.4392211060868265,FALSE,FALSE
160,20,180,15.873485264606856,-1.1897643898911279,-1.1596388827045931,FALSE,FALSE
161,4,900,4.320361365082053,-0.6053870056723791,-0.5242805260332744,FALSE,FALSE
161,8,450,4.680001908834851,-0.5816612289774502,-0.5440942585008713,FALSE,FALSE
161,12,300,8.195099311127224,-0.4395578305441644,-0.4208445823895499,FALSE,FALSE
161,16,225,9.05158594406709,-0.4182450329328646,-0.4049640117957393,FALSE,FALSE
161,20,180,8.320250630243208,-0.43623944014774413,-0.42519361082146606,FALSE,FALSE
162,4,900,12.264127847503731,-0.3097730398897856,-0.2682713219520846,FALSE,FALSE
162,8,450,7.9453975603335,-0.3848612055100324,-0.36000469311983413,FALSE,FALSE
162,12,300,5.000627689055333,-0.485120571870948,-0.4644675860395025,FALSE,FALSE
162,16,225,7.598600254030581,-0.3935456834953644,-0.38104896953734035,FALSE,FALSE
162,20,180,7.066412517867234,-0.4080961135405866,-0.3977628891595906,FALSE,FALSE
163,4,900,6.74878928483428,0.552382167120942,0.47837698932423706,FALSE,FALSE
163,8,450,6.433741122625493,0.5657450891197572,0.5292060729340053,FALSE,FALSE
163,12,300,4.572043062580708,0.6711157447080429,0.6425444064255625,FALSE,FALSE
163,16,225,5.887455050874889,0.5914101606472153,0.5726304257411295,FALSE,FALSE
163,20,180,4.964164679171833,0.6440646952478728,0.6277566129333075,FALSE,FALSE
164,4,900,11.360928729509672,0.5536535728275996,0.47947805896471907,FALSE,FALSE
164,8,450,9.79022902934343,0.5964150565292744,0.5578952004614893,FALSE,FALSE
164,12,300,8.233603882962619,0.6503543356638797,0.622666870611463,FALSE,FALSE
164,16,225,8.072262508758357,0.6568215392221733,0.6359647207094498,FALSE,FALSE
164,20,180,11.537265707760122,0.5494062266819396,0.535494950322636,FALSE,FALSE
165,4,900,1.4334747790350146,-5.285610270271851,-4.577472768559356,TRUE,TRUE
165,8,450,3.3169289133942033,-3.474738159981989,-3.2503199258504756,TRUE,TRUE
165,12,300,11.742588650139522,-1.8467505711545045,-1.7681290580878226,FALSE,FALSE
165,16,225,10.5222032495245,-1.950908147889921,-1.8889586916895051,FALSE,FALSE
165,20,180,8.317120914274327,-2.1943386778388394,-2.1387767815755176,TRUE,TRUE
166,4,900,4.24094996298762,-0.7060306592715577,-0.6114404867798442,FALSE,FALSE
166,8,450,7.957431109443453,-0.5154288114907699,-0.48213950496763813,FALSE,FALSE
166,12,300,8.252213252879864,-0.5061391292929741,-0.48459132268128347,FALSE,FALSE
166,16,225,7.844529251924304,-0.5191246979799878,-0.502640327470362,FALSE,FALSE
166,20,180,7.32645902075964,-0.5371654512262851,-0.5235641182239111,FALSE,FALSE
167,4,900,14.593577098033105,0.7754361024262608,0.6715473637127338,FALSE,FALSE
167,8,450,7.860974174891147,1.0565467306747518,0.9883089698252607,FALSE,FALSE
167,12,300,6.323711307998363,1.1779880306478165,1.1278376731547235,FALSE,FALSE
167,16,225,14.612869552657717,0.7749240535525745,0.7503169884961665,FALSE,FALSE
167,20,180,17.219335205460762,0.713869299250046,0.6957937248863086,FALSE,FALSE
168,4,900,2.306374597968067,-1.617651040809764,-1.4009268957995933,FALSE,FALSE
168,8,450,9.229072665400048,-0.8086688825870151,-0.7564404744964836,FALSE,FALSE
168,12,300,13.016273076630549,-0.6809362252496957,-0.6519468007073345,FALSE,FALSE
168,16,225,10.639737207216214,-0.7531549137941337,-0.7292391095597407,FALSE,FALSE
168,20,180,10.564831599190343,-0.7558201660212124,-0.7366823719868124,FALSE,FALSE
169,4,900,13.51779077311479,0.6505134078610053,0.5633611367100183,FALSE,FALSE
169,8,450,17.22624037796699,0.5762538777069901,0.5390361445448717,FALSE,FALSE
169,12,300,13.069169718169961,0.661584182778172,0.6334186306546458,FALSE,FALSE
169,16,225,15.848699523089516,0.6007756148621981,0.5816984877922036,FALSE,FALSE
169,20,180,13.89300717453785,0.6416688877825082,0.6254214686678408,FALSE,FALSE
170,4,900,3.3043788366336684,-0.8819407884687905,-0.7637831274476504,FALSE,FALSE
170,8,450,2.2893540680437714,-1.0595656291797315,-0.9911328907980302,FALSE,FALSE
170,12,300,6.2380356467184654,-0.6418897171101898,-0.614562615351343,FALSE,FALSE
170,16,225,3.8843463667946976,-0.8134397106790211,-0.787609613150907,FALSE,FALSE
170,20,180,8.33478226109288,-0.5553122003990965,-0.5412513814453335,FALSE,FALSE
171,4,900,10.808238845000707,-0.3514129659146951,-0.304332555701361,FALSE,FALSE
171,8,450,9.336671686777674,-0.3780934939286052,-0.3536740786122835,FALSE,FALSE
171,12,300,11.167890510723593,-0.34570819478370096,-0.33099039705942357,FALSE,FALSE
171,16,225,9.570768819888695,-0.3734408604690625,-0.3615825583475117,FALSE,FALSE
171,20,180,7.478730131770356,-0.42245583891882404,-0.41175901817055205,FALSE,FALSE
172,4,900,1.3986699973486063,-2.9060415187037765,-2.516705779649781,TRUE,FALSE
172,8,450,8.561817677815414,-1.1745633802942639,-1.0987034370280506,FALSE,FALSE
172,12,300,9.024450597801557,-1.144060676543107,-1.0953547046404264,FALSE,FALSE
172,16,225,6.105038505187812,-1.390961919927556,-1.3467930877720298,FALSE,FALSE
172,20,180,7.554839019311293,-1.2503938729532733,-1.2187331929684742,FALSE,FALSE
173,4,900,10.174740909799716,0.9374430105081075,0.8118494617001836,FALSE,FALSE
173,8,450,6.593663633280466,1.1645098348472567,1.089299206381785,FALSE,FALSE
173,12,300,9.781279296074834,0.9561119030221651,0.9154074540019199,FALSE,FALSE
173,16,225,5.985791220475025,1.2222098303350843,1.1833995796146937,FALSE,FALSE
173,20,180,7.384122544090135,1.1004165341548362,1.0725533652034638,FALSE,FALSE
174,4,900,11.051385405901712,-1.0577926914922193,-0.9160753427697773,FALSE,FALSE
174,8,450,10.818885657744739,-1.0690983493472632,-1.0000499340057538,FALSE,FALSE
174,12,300,6.486167590157121,-1.3807493311897236,-1.3219668386974752,FALSE,FALSE
174,16,225,8.386034239111359,-1.2143129003997664,-1.1757534100832803,FALSE,FALSE
174,20,180,10.249021632885578,-1.0984181982319625,-1.0706056282762544,FALSE,FALSE
175,4,900,5.666822753553023,-1.2400008435080045,-1.073872231192064,FALSE,FALSE
175,8,450,14.317724175798618,-0.7801081215182857,-0.7297243288403092,FALSE,FALSE
175,12,300,6.284934709990318,-1.17744711489729,-1.127319785752157,FALSE,FALSE
175,16,225,10.895361352311047,-0.8942747650410063,-0.865877817984342,FALSE,FALSE
175,20,180,9.957923800882341,-0.9354216036510783,-0.9117361996478461,FALSE,FALSE
176,4,900,9.284048515248514,-0.2808821223756651,-0.24325105344621548,FALSE,FALSE
176,8,450,10.182086278421934,-0.2682096579639264,-0.25088716198120936,FALSE,FALSE
176,12,300,8.590791916812313,-0.2919955270678642,-0.27956443295837274,FALSE,FALSE
176,16,225,13.396996515792525,-0.23382399504727697,-0.22639910969044733,FALSE,FALSE
176,20,180,9.399559737980866,-0.2791509065088643,-0.2720826476908894,FALSE,FALSE
177,4,900,3.558413776675089,2.1335632537500406,1.8477199783285196,TRUE,FALSE
177,8,450,13.62288358410899,1.0904335964952458,1.020007230278228,FALSE,FALSE
177,12,300,11.233294428273355,1.2008262566137498,1.1497036097875728,FALSE,FALSE
177,16,225,17.00060235467981,0.9761163600298788,0.945120601589081,FALSE,FALSE
177,20,180,13.631364436213444,1.0900943331386725,1.062492528154431,FALSE,FALSE
178,4,900,19.290778635043697,0.7016316364906183,0.6076308212997242,FALSE,FALSE
178,8,450,14.483300333886566,0.8097487262734341,0.7574505757729463,FALSE,FALSE
178,12,300,11.109282781336887,0.924572625857533,0.8852108950854607,FALSE,FALSE
178,16,225,10.342847503034214,0.9582172417743008,0.9277898548601683,FALSE,FALSE
178,20,180,9.509653961272631,0.9993133397047341,0.9740101608126261,FALSE,FALSE
179,4,900,3.446911328286599,-0.8728166507256315,-0.7558813923744464,FALSE,FALSE
179,8,450,3.1951029783031797,-0.9065581119189259,-0.8480074640003216,FALSE,FALSE
179,12,300,6.3211413684091164,-0.644525829956254,-0.6170865012492696,FALSE,FALSE
179,16,225,5.359360561030487,-0.6999734867975572,-0.6777464142884191,FALSE,FALSE
179,20,180,4.613695150860271,-0.7544207600748905,-0.7353183997904422,FALSE,FALSE
180,4,900,10.680685288910764,-1.061619206966215,-0.9193892023782317,FALSE,FALSE
180,8,450,9.206786107302733,-1.143442419546264,-1.0695924438614868,FALSE,FALSE
180,12,300,8.58663350830345,-1.1840140695039627,-1.133607166107991,FALSE,FALSE
180,16,225,7.911474805971128,-1.2335012724311125,-1.1943324714128392,FALSE,FALSE
180,20,180,5.952193604464868,-1.4220989052391901,-1.3860905567344357,FALSE,FALSE
181,4,900,9.332010865576716,2.1787690056462568,1.8868693078678194,TRUE,FALSE
181,8,450,9.911691118223052,2.1140970815143727,1.977556740351371,TRUE,FALSE
181,12,300,10.948268871716238,2.0115279860188466,1.925891421824956,TRUE,FALSE
181,16,225,8.209470823961444,2.3229572880818057,2.2491937226729948,TRUE,TRUE
181,20,180,9.86119628647511,2.119502849026844,2.065835838270133,TRUE,FALSE
182,4,900,5.334836584429542,0.9470427268356351,0.8201630599089467,FALSE,FALSE
182,8,450,7.742859563919343,0.7861029794386978,0.7353320049454518,FALSE,FALSE
182,12,300,7.433765764358435,0.8022795038077005,0.7681241449427968,FALSE,FALSE
182,16,225,9.676531497229726,0.7031860980651357,0.6808570117727115,FALSE,FALSE
182,20,180,6.465960324394853,0.8602280816937659,0.838446620189866,FALSE,FALSE
183,4,900,19.96397250881912,0.1928373776224369,0.1670020678202032,FALSE,FALSE
183,8,450,13.947894554013253,0.23070678692542518,0.21580643836959973,FALSE,FALSE
183,12,300,17.27390142589454,0.20730963167099695,0.19848386106079435,FALSE,FALSE
183,16,225,14.299509850024183,0.22785267043341279,0.2206173994943737,FALSE,FALSE
183,20,180,14.566527562170851,0.22575463780373695,0.2200384027059859,FALSE,FALSE
184,4,900,18.473977592632792,-0.028331671785600438,-0.024535947498012807,FALSE,FALSE
184,8,450,16.133605390745913,-0.030317032760390782,-0.028358987393245935,FALSE,FALSE
184,12,300,12.966783803486077,-0.03381709311321637,-0.03237740165211353,FALSE,FALSE
184,16,225,11.746804594750241,-0.035529781445886345,-0.03440156295857678,FALSE,FALSE
184,20,180,11.818199632973146,-0.0354222992216768,-0.034525386573397036,FALSE,FALSE
185,4,900,2.951558720005549,0.0338976731664297,0.02935624609131021,FALSE,FALSE
185,8,450,3.341055540473027,0.031860585625772805,0.029802848888404117,FALSE,FALSE
185,12,300,4.929604235336934,0.026229473601103045,0.02511280904787531,FALSE,FALSE
185,16,225,7.940864717150748,0.020666251164312234,0.02001001164698023,FALSE,FALSE
185,20,180,8.195538396096664,0.020342618626417078,0.019827532018656745,FALSE,FALSE
186,4,900,5.7644607175633995,1.5586575244964167,1.3498370120136627,FALSE,FALSE
186,8,450,3.7108246286018307,1.942651184748396,1.8171837888347462,FALSE,FALSE
186,12,300,3.742592239912396,1.9343888761175843,1.852036346937292,FALSE,FALSE
186,16,225,4.5514149015361,1.7541100181211808,1.698409721899731,FALSE,FALSE
186,20,180,4.045517057993379,1.8605571906159117,1.813446830368882,FALSE,FALSE
187,4,900,23.615698401188805,0.8383576161369862,0.7260389930307929,FALSE,FALSE
187,8,450,14.221998120624727,1.0803125031712373,1.0105398143787268,FALSE,FALSE
187,12,300,12.396080714574268,1.1571442809869006,1.1078813022020757,FALSE,FALSE
187,16,225,10.977952585077826,1.2296146691767862,1.190569283993509,FALSE,FALSE
187,20,180,13.612376291133247,1.1042381261380372,1.0762781923164668,FALSE,FALSE
188,4,900,4.631826534373197,1.0941976338282575,0.947602947656094,FALSE,FALSE
188,8,450,4.913522418687794,1.0623691321838944,0.9937553277291226,FALSE,FALSE
188,12,300,9.452161925829769,0.7659604365267334,0.7333512853995725,FALSE,FALSE
188,16,225,7.406606671731426,0.8652911730671988,0.8378145757273853,FALSE,FALSE
188,20,180,9.539161848113064,0.7624595453076202,0.7431536384349926,FALSE,FALSE
189,4,900,11.388234409318931,-0.2590885651964143,-0.22437727929015555,FALSE,FALSE
189,8,450,15.252416188670349,-0.22387578477860628,-0.20941662095917132,FALSE,FALSE
189,12,300,9.043641996122172,-0.290739985139297,-0.27836234308103786,FALSE,FALSE
189,16,225,12.963716487286593,-0.24283522391657997,-0.23512419452536581,FALSE,FALSE
189,20,180,9.979492271576651,-0.2767720444448186,-0.2697640197595973,FALSE,FALSE
190,4,900,9.622543995382093,-0.5797542780386086,-0.5020819327341417,FALSE,FALSE
190,8,450,17.247143334841244,-0.4330423076272445,-0.4050739872797782,FALSE,FALSE
190,12,300,20.55171215121067,-0.3967024753887987,-0.3798137036512774,FALSE,FALSE
190,16,225,16.447244531420072,-0.4434476318946691,-0.4293663233107926,FALSE,FALSE
190,20,180,13.332976882726484,-0.49252167939627173,-0.48005075194353947,FALSE,FALSE
191,4,900,1.0497240028920904,-2.6603496767600796,-2.3039304030239487,TRUE,FALSE
191,8,450,4.337071502432804,-1.308814196193667,-1.224283576275658,FALSE,FALSE
191,12,300,3.848930906491802,-1.3893326134612378,-1.3301847058177474,FALSE,FALSE
191,16,225,8.803445173531887,-0.9186497392710317,-0.8894787852986229,FALSE,FALSE
191,20,180,12.908920688809244,-0.7586322864035614,-0.7394232878907726,FALSE,FALSE
192,4,900,13.677900998467052,1.7169598548567833,1.4869308515840167,FALSE,FALSE
192,8,450,15.769620802412657,1.5990396901306803,1.4957646670805436,FALSE,FALSE
192,12,300,11.765914245812857,1.8512157194710497,1.7724041121262357,FALSE,FALSE
192,16,225,14.06548559002195,1.6931385723070458,1.6393743733416477,FALSE,FALSE
192,20,180,12.657639351618057,1.7848162448560394,1.7396236881886016,FALSE,FALSE
193,4,900,0.3035245864165924,6.331476347761777,5.483219360622016,TRUE,TRUE
193,8,450,3.1999780463219274,1.9499722340985486,1.82403200342973,FALSE,FALSE
193,12,300,6.747825062996897,1.3428268589796086,1.2856588358103749,FALSE,FALSE
193,16,225,4.618757408812848,1.623077848662338,1.5715383693668494,FALSE,FALSE
193,20,180,5.218823934111784,1.5269176109171763,1.4882551935076747,FALSE,FALSE
194,4,900,1.74570952942689,0.6250194321201773,0.5412827060749971,FALSE,FALSE
194,8,450,4.9813018567803775,0.3700054161459764,0.34610837461723964,FALSE,FALSE
194,12,300,1.983852141310229,0.586306705242956,0.5613459330589112,FALSE,FALSE
194,16,225,7.114574508804887,0.3096029180300684,0.29977173636691873,FALSE,FALSE
194,20,180,5.931660572909805,0.3390715609084678,0.3304860772348202,FALSE,FALSE
195,4,900,5.6998466728022805,-0.48223348586327713,-0.41762644931312193,FALSE,FALSE
195,8,450,6.2560695861851245,-0.46029702222863833,-0.43056843833295844,FALSE,FALSE
195,12,300,10.026267238282834,-0.36359618074456096,-0.34811683972151575,FALSE,FALSE
195,16,225,9.249100744656376,-0.3785638987941064,-0.366542918876231,FALSE,FALSE
195,20,180,8.749294473986453,-0.3892265294193414,-0.3793710935794056,FALSE,FALSE
196,4,900,3.1984718931634752,-0.372274174976833,-0.32239889270283056,FALSE,FALSE
196,8,450,4.724962477798426,-0.30629153698585043,-0.2865094979673628,FALSE,FALSE
196,12,300,7.574919310674108,-0.24190518306119727,-0.2316065797695496,FALSE,FALSE
196,16,225,7.375775265729304,-0.24514912154421098,-0.23736461626952676,FALSE,FALSE
196,20,180,7.982693272948669,-0.23564566677143448,-0.2296789852266555,FALSE,FALSE
197,4,900,1.7518083762337242,0.8317692697648332,0.7203333177035773,FALSE,FALSE
197,8,450,7.795209382089748,0.39430499423100457,0.36883854857657367,FALSE,FALSE
197,12,300,18.99148314063727,0.25261941737868054,0.24186467814396131,FALSE,FALSE
197,16,225,11.007954466261557,0.3318125881828763,0.32127615702356493,FALSE,FALSE
197,20,180,11.24919237294188,0.3282354610795105,0.3199243535815536,FALSE,FALSE
198,4,900,8.038725532279349,-0.03312897947138649,-0.02869053782367386,FALSE,FALSE
198,8,450,7.727692433004793,-0.03378910931348023,-0.03160681761382387,FALSE,FALSE
198,12,300,8.002040328983771,-0.03320483222587842,-0.03179120648155722,FALSE,FALSE
198,16,225,10.680990090629882,-0.028740604742523445,-0.027827970881930803,FALSE,FALSE
198,20,180,10.771235515480262,-0.028619951743911694,-0.027895278380626394,FALSE,FALSE
199,4,900,8.765483326916408,0.3108849902941498,0.26923429925001235,FALSE,FALSE
199,8,450,5.953080536430329,0.3772391951313418,0.3528749552609603,FALSE,FALSE
199,12,300,11.914603413120425,0.2666538711966946,0.25530164467188243,FALSE,FALSE
199,16,225,12.790348500223377,0.2573632306664914,0.2491908765743648,FALSE,FALSE
199,20,180,9.34111972428159,0.30115371111460937,0.2935283288410107,FALSE,FALSE
200,4,900,5.500518730559307,-0.5723039533365822,-0.4956297622757441,FALSE,FALSE
200,8,450,6.547581181002028,-0.5245514887729803,-0.49067298817767246,FALSE,FALSE
200,12,300,6.791724851961743,-0.5150371168519352,-0.49311049717471145,FALSE,FALSE
200,16,225,5.812414852571696,-0.5567372346395687,-0.5390585094931551,FALSE,FALSE
200,20,180,7.8466630447175865,-0.4791660814248222,-0.46703332526557284,FALSE,FALSE
201,4,900,7.991404775602731,-0.43255524602618667,-0.3746038315989055,FALSE,FALSE
201,8,450,10.613935480118721,-0.37533142377919204,-0.3510903985679486,FALSE,FALSE
201,12,300,11.342869300215641,-0.36307110248980506,-0.34761411556671906,FALSE,FALSE
201,16,225,8.522755617671162,-0.4188544464042235,-0.40555407385212117,FALSE,FALSE
201,20,180,8.062826959792783,-0.43063515262931373,-0.419731227032334,FALSE,FALSE
202,4,900,4.014790931402196,1.1703680279686437,1.0135684439979418,FALSE,FALSE
202,8,450,8.560322145821486,0.801509846912624,0.7497438098181676,FALSE,FALSE
202,12,300,10.810412259224343,0.7132352324943375,0.6828707457969729,FALSE,FALSE
202,16,225,7.198827108641951,0.8740233693140724,0.8462694883873744,FALSE,FALSE
202,20,180,7.776439212511678,0.8409371249276686,0.8196441213584909,FALSE,FALSE
203,4,900,4.98605627016723,2.3524194288627642,2.037254985751234,TRUE,FALSE
203,8,450,5.890108437067509,2.1643709698633287,2.0245836567770508,TRUE,FALSE
203,12,300,5.552643972557114,2.229171240099753,2.134268973102316,TRUE,FALSE
203,16,225,6.2031174832495655,2.1090571204980737,2.042085775972302,TRUE,FALSE
203,20,180,5.483933027909476,2.2430929694668786,2.186296586968052,TRUE,TRUE
204,4,900,2.7748321624080816,2.0625437706485266,1.7862153017989688,TRUE,FALSE
204,8,450,6.50699282316489,1.3468876468324058,1.2598980282312606,FALSE,FALSE
204,12,300,6.14259039435314,1.3862633945232128,1.327246152406843,FALSE,FALSE
204,16,225,5.575643898117391,1.4550369402115313,1.4088334593889644,FALSE,FALSE
204,20,180,3.2612145519215145,1.9025314639776114,1.8543582913918102,FALSE,FALSE
205,4,900,2.9677932174059993,-0.3626519248908178,-0.3140657796867744,FALSE,FALSE
205,8,450,11.249568790539241,-0.1862682644561871,-0.17423800690601363,FALSE,FALSE
205,12,300,9.217069824236393,-0.20578341361058944,-0.1970226185174129,FALSE,FALSE
205,16,225,8.555469923299064,-0.21359194548848304,-0.2068095119402343,FALSE,FALSE
205,20,180,7.81207822441293,-0.2235236673373248,-0.21786392167343974,FALSE,FALSE
206,4,900,14.493557031999119,0.1765397953994684,0.1528879475948468,FALSE,FALSE
206,8,450,10.366445949080349,0.20874456032539185,0.19526265652259525,FALSE,FALSE
206,12,300,13.971325322548589,0.17980895132427827,0.17215396421510393,FALSE,FALSE
206,16,225,10.422612824049915,0.20818134416110498,0.20157071973175858,FALSE,FALSE
206,20,180,5.109220866002559,0.2973396132784313,0.2898108061189898,FALSE,FALSE
207,4,900,8.219153162873544,-0.8181368776017788,-0.7085273197760202,FALSE,FALSE
207,8,450,5.592747426600974,-0.9918063908801771,-0.9277499271716044,FALSE,FALSE
207,12,300,9.11431061222663,-0.7769223107639012,-0.7438464809460528,FALSE,FALSE
207,16,225,6.913579548175933,-0.892047588726831,-0.8637213637908749,FALSE,FALSE
207,20,180,8.863837054278264,-0.7878229424252958,-0.7678748199941631,FALSE,FALSE
208,4,900,15.049792224626806,0.7092217348174069,0.6142040392679449,FALSE,FALSE
208,8,450,13.835831598542454,0.7396813264551118,0.691908524747379,FALSE,FALSE
208,12,300,10.246414624655214,0.8595305667130593,0.8229378645162505,FALSE,FALSE
208,16,225,11.416825160930841,0.8142815852982082,0.7884247547458336,FALSE,FALSE
208,20,180,12.880396395423986,0.7666244643792275,0.7472130994003655,FALSE,FALSE
209,4,900,13.261410440759326,-0.9405732266049889,-0.8145603083594177,FALSE,FALSE
209,8,450,10.960056452984741,-1.0346204902468559,-0.9677988499599562,FALSE,FALSE
209,12,300,13.155885138545313,-0.9443379309141617,-0.9041347339397505,FALSE,FALSE
209,16,225,15.626009379492103,-0.8664897514999382,-0.838975094304666,FALSE,FALSE
209,20,180,12.835050562323634,-0.9560677719195899,-0.9318595952599965,FALSE,FALSE
210,4,900,22.794157012561765,0.411752660415096,0.35658826399530036,FALSE,FALSE
210,8,450,20.021964122908145,0.4393340280053334,0.4109593527868263,FALSE,FALSE
210,12,300,17.826061874291415,0.46560804627519425,0.44578576509333845,FALSE,FALSE
210,16,225,16.086716549511205,0.49013360144073065,0.47456981894915334,FALSE,FALSE
210,20,180,9.651765252759704,0.632768434512995,0.6167463799084881,FALSE,FALSE
211,4,900,9.72973530243785,-1.2926998594618218,-1.119510917762511,FALSE,FALSE
211,8,450,11.00551424643693,-1.21546664158756,-1.1369649344683521,FALSE,FALSE
211,12,300,12.474664727014206,-1.141652082516008,-1.0930486514273017,FALSE,FALSE
211,16,225,11.458214809332427,-1.1912138505266205,-1.153387851215303,FALSE,FALSE
211,20,180,10.198290549771281,-1.2626544796824761,-1.2306833542016862,FALSE,FALSE
212,4,900,8.328559933065062,1.614087551948507,1.3978408239196418,FALSE,FALSE
212,8,450,7.287927481718122,1.725480376685342,1.6140390992895481,FALSE,FALSE
212,12,300,8.100199773884798,1.636681527956194,1.567003261629323,FALSE,FALSE
212,16,225,8.83854859598265,1.5668288831528856,1.5170755427019733,FALSE,FALSE
212,20,180,5.601944934932678,1.9680794565867552,1.9182465717594483,TRUE,FALSE
213,4,900,7.779008764482527,-0.5096240617566702,-0.44134738386108596,FALSE,FALSE
213,8,450,14.330355210989314,-0.3754772060063198,-0.3512267653546968,FALSE,FALSE
213,12,300,12.704017201819083,-0.39878748333294955,-0.3818099467768948,FALSE,FALSE
213,16,225,15.419005181369716,-0.3619794185706009,-0.3504850649484453,FALSE,FALSE
213,20,180,13.444440584094147,-0.3876508023654844,-0.37783526482565605,FALSE,FALSE
214,4,900,3.41341381150781,-0.7471181752189899,-0.6470233193687187,FALSE,FALSE
214,8,450,6.837125255308896,-0.527894338401612,-0.4937999376791336,FALSE,FALSE
214,12,300,8.207768418177844,-0.48180491409107873,-0.46129308540101244,FALSE,FALSE
214,16,225,7.893119283423442,-0.4913143391663288,-0.4757130633360235,FALSE,FALSE
214,20,180,7.040055273491221,-0.5202304132104028,-0.5070578849476783,FALSE,FALSE
215,4,900,8.932363930935415,0.5414750771425194,0.4689311723215604,FALSE,FALSE
215,8,450,6.243307586946431,0.6476707897164463,0.6058405486350633,FALSE,FALSE
215,12,300,6.821287408221088,0.6196243869100362,0.5932451846545701,FALSE,FALSE
215,16,225,4.8880911545618435,0.7319678875308135,0.7087248595913661,FALSE,FALSE
215,20,180,5.172590892300751,0.7115535849357678,0.6935366457680486,FALSE,FALSE
216,4,900,6.900774891732345,-0.9059006700674535,-0.7845329935837598,FALSE,FALSE
216,8,450,13.651310022139441,-0.6440837562245973,-0.6024851860447178,FALSE,FALSE
216,12,300,13.91156911259224,-0.6380305182577581,-0.6108677137558028,FALSE,FALSE
216,16,225,10.101036567504831,-0.7487667307255301,-0.724990269573538,FALSE,FALSE
216,20,180,8.188088786420543,-0.8316454955646051,-0.810587761305494,FALSE,FALSE
217,4,900,5.455643793102235,-0.6182020343266033,-0.535378666398058,FALSE,FALSE
217,8,450,4.778782491634211,-0.6605334283998998,-0.6178724453959004,FALSE,FALSE
217,12,300,10.612198111117378,-0.4432520561206685,-0.4243815340986617,FALSE,FALSE
217,16,225,10.199423905472564,-0.4521323816054423,-0.43777529605974363,FALSE,FALSE
217,20,180,8.771239717020428,-0.4875542461555468,-0.4752090969216481,FALSE,FALSE
218,4,900,4.4564797258153,-0.570085485806565,-0.4937085130372783,FALSE,FALSE
218,8,450,11.450801332992045,-0.3556460681807528,-0.3326764345214056,FALSE,FALSE
218,12,300,3.911563102503853,-0.6085002784391269,-0.5825946616548997,FALSE,FALSE
218,16,225,10.133537743331773,-0.37805536626951725,-0.3660505343765464,FALSE,FALSE
218,20,180,10.248254509268095,-0.3759334761650729,-0.36641462795101076,FALSE,FALSE
219,4,900,1.2276247760272836,0.09073566940013267,0.07857939472990122,FALSE,FALSE
219,8,450,4.238379141558291,0.04883272594101965,0.04567883243338091,FALSE,FALSE
219,12,300,5.377810597326479,0.0433518982487758,0.04150628255607247,FALSE,FALSE
219,16,225,5.224411562100461,0.04398374240514587,0.042587075459751725,FALSE,FALSE
219,20,180,6.212175608365722,0.04033564517619393,0.0393143238297548,FALSE,FALSE
220,4,900,8.546778032916752,0.6530049073878463,0.5655188385937796,FALSE,FALSE
220,8,450,7.233720494706961,0.7098013085061928,0.6639583272785013,FALSE,FALSE
220,12,300,6.235998141637594,0.7644774317291044,0.7319314164053898,FALSE,FALSE
220,16,225,6.454978574327059,0.7513983811542375,0.7275383541443937,FALSE,FALSE
220,20,180,7.069218083996967,0.7180124383401365,0.6998319573516137,FALSE,FALSE
221,4,900,1.537694199133549,-0.843254520391441,-0.7302798365150508,FALSE,FALSE
221,8,450,1.2515255841108421,-0.9347033516050286,-0.8743349249938289,FALSE,FALSE
221,12,300,1.840891937932491,-0.7706896348096421,-0.7378791480335841,FALSE,FALSE
221,16,225,2.298104935315678,-0.6897770463089683,-0.6678737532376942,FALSE,FALSE
221,20,180,5.131762717692098,-0.4615942415932795,-0.4499064143557759,FALSE,FALSE
222,4,900,12.870975269625708,-2.016676844636509,-1.7464933786790604,TRUE,FALSE
222,8,450,17.260106316662323,-1.741487279122837,-1.629012185475704,FALSE,FALSE
222,12,300,7.956507610548551,-2.5649611910845205,-2.4557633746873044,TRUE,TRUE
222,16,225,16.54385100633687,-1.7787861308837396,-1.7223022653443625,FALSE,FALSE
222,20,180,9.403414658985596,-2.3593873466696684,-2.299646324773375,TRUE,TRUE
223,4,900,16.935501009410967,1.0503392146939319,0.9096204425159425,FALSE,FALSE
223,8,450,14.8544607188892,1.1215022778251853,1.0490693205271013,FALSE,FALSE
223,12,300,17.70751384949108,1.027187698650608,0.9834573474419407,FALSE,FALSE
223,16,225,16.899997542269702,1.0514419106915838,1.0180542524032525,FALSE,FALSE
223,20,180,18.434562060490805,1.0067281035660625,0.981237178659795,FALSE,FALSE
224,4,900,12.187757806436808,0.8649240070786793,0.7490461624731679,FALSE,FALSE
224,8,450,7.457208472250791,1.1057366819657193,1.0343219559759855,FALSE,FALSE
224,12,300,9.55833847805814,0.9766718186650063,0.9350920745715597,FALSE,FALSE
224,16,225,8.625546547053336,1.028126487094457,0.9954791905778918,FALSE,FALSE
224,20,180,7.666580415228303,1.0905335012874826,1.0629205763173555,FALSE,FALSE
225,4,900,1.1635136954532643,-2.495306313025761,-2.1609986573039937,TRUE,FALSE
225,8,450,8.572716074878231,-0.9192854682994652,-0.859912815754159,FALSE,FALSE
225,12,300,7.283125105894397,-0.9973572066206605,-0.9548968257347595,FALSE,FALSE
225,16,225,11.881997357161833,-0.7808451001919151,-0.7560500172527373,FALSE,FALSE
225,20,180,8.498202978600213,-0.923306866138574,-0.899928214140274,FALSE,FALSE
226,4,900,1.7327510104484782,-2.8016153513185493,-2.4262700658743284,TRUE,FALSE
226,8,450,8.428161887221805,-1.2703112796055258,-1.1882673957095684,FALSE,FALSE
226,12,300,8.106155651824924,-1.2952962836707114,-1.2401517745623825,FALSE,FALSE
226,16,225,8.763597722611816,-1.2457628394356333,-1.206204682614568,FALSE,FALSE
226,20,180,7.885996765196601,-1.3132526672356026,-1.280000367031726,FALSE,FALSE
227,4,900,9.952285227902157,0.9744048185381001,0.8438593264239608,FALSE,FALSE
227,8,450,14.27933809949267,0.8134798346102339,0.7609407080402564,FALSE,FALSE
227,12,300,10.334065735071958,0.9562362869595693,0.9155265425553603,FALSE,FALSE
227,16,225,10.922950500465921,0.9301025761161089,0.9005679468905766,FALSE,FALSE
227,20,180,6.284801078803369,1.2261823539146675,1.1951347232840024,FALSE,FALSE
228,4,900,1.6317568166199892,1.4566934557510294,1.2615335382069344,FALSE,FALSE
228,8,450,9.889333442120211,0.591714724726268,0.5534984426587375,FALSE,FALSE
228,12,300,11.348779293335252,0.5523588438403602,0.5288433303017108,FALSE,FALSE
228,16,225,8.95010701796609,0.621987666130671,0.602236968117627,FALSE,FALSE
228,20,180,10.006682257603492,0.5882349601296079,0.5733405182810188,FALSE,FALSE
229,4,900,2.1976774180815664,0.02282977311314772,0.019771163478620877,FALSE,FALSE
229,8,450,3.507917050227285,0.01807003154010397,0.01690296674781703,FALSE,FALSE
229,12,300,7.919717461651102,0.012026208364508496,0.01151421789170645,FALSE,FALSE
229,16,225,8.68841738963116,0.011481885988987963,0.011117288304600665,FALSE,FALSE
229,20,180,9.643934738660493,0.010898241735858195,0.010622292091942367,FALSE,FALSE
230,4,900,0.26479314218954775,0.051277897341698506,0.04440796175056144,FALSE,FALSE
230,8,450,6.441609744557231,0.01039648114053068,0.009725017613980647,FALSE,FALSE
230,12,300,4.704713406365298,0.012165136566117963,0.011647231517959192,FALSE,FALSE
230,16,225,4.538463761531279,0.01238594477066651,0.011992639455959058,FALSE,FALSE
230,20,180,6.526122676403897,0.01032894484904641,0.010067410124252921,FALSE,FALSE
231,4,900,8.530112163145482,-1.2518984114542528,-1.0841758272767665,FALSE,FALSE
231,8,450,10.273210877405239,-1.140757565709283,-1.0670809930635996,FALSE,FALSE
231,12,300,8.632294621208219,-1.244466848901414,-1.1914862958423245,FALSE,FALSE
231,16,225,9.722094217156059,-1.1726449739540772,-1.1354086137844928,FALSE,FALSE
231,20,180,9.035727694564024,-1.2163677361751477,-1.1855686172160012,FALSE,FALSE
232,4,900,11.418815229514559,-0.5541868763644529,-0.479939913375562,FALSE,FALSE
232,8,450,10.3529226467941,-0.5820164710145591,-0.5444265569989316,FALSE,FALSE
232,12,300,10.951146251043314,-0.5658964511750313,-0.541804602538086,FALSE,FALSE
232,16,225,16.49908428822004,-0.46103812387736215,-0.4463982439359339,FALSE,FALSE
232,20,180,15.635711506330619,-0.4735959017140056,-0.46160418565507716,FALSE,FALSE
233,4,900,3.9749801163100713,-0.1081672432775712,-0.0936755805357082,FALSE,FALSE
233,8,450,3.8068793876624585,-0.11052962157585762,-0.10339099375665901,FALSE,FALSE
233,12,300,5.629577405426154,-0.09089193397642661,-0.08702240146543017,FALSE,FALSE
233,16,225,8.824283516658758,-0.07259780922231719,-0.07029252652229442,FALSE,FALSE
233,20,180,10.44603023150766,-0.06672484945829141,-0.0650353385358304,FALSE,FALSE
234,4,900,6.052122583465619,1.2776878331500283,1.1065101216142177,FALSE,FALSE
234,8,450,4.973240059566525,1.4094799603459562,1.3184477762845723,FALSE,FALSE
234,12,300,4.129940798325093,1.5467022029060542,1.4808546166887002,FALSE,FALSE
234,16,225,5.805546706249861,1.3045389650548274,1.2631144215340016,FALSE,FALSE
234,20,180,7.51590085545912,1.1465370566283923,1.1175060899659528,FALSE,FALSE
235,4,900,2.681876502110429,5.339470994984963,4.624117524427151,TRUE,TRUE
235,8,450,9.592808762721297,2.8232200256810134,2.64088051589437,TRUE,TRUE
235,12,300,9.384274707843796,2.8544159732307635,2.7328952295838227,TRUE,TRUE
235,16,225,7.053546799190448,3.29240947741588,3.187861768731792,TRUE,TRUE
235,20,180,8.417072183399286,3.0139572877997285,2.9376421848222156,TRUE,TRUE
236,4,900,11.770270314874328,-1.3151627218047526,-1.1389643271932022,FALSE,FALSE
236,8,450,8.818604534236453,-1.5194022847377069,-1.4212706955425112,FALSE,FALSE
236,12,300,13.977631448809554,-1.2068572846716372,-1.1554778795378333,FALSE,FALSE
236,16,225,10.594752276301856,-1.3862045036044783,-1.342186739224466,FALSE,FALSE
236,20,180,11.08578569582873,-1.3551565526066898,-1.3208432223277695,FALSE,FALSE
237,4,900,2.5555096754470004,-1.3095044392152395,-1.1340641107288927,FALSE,FALSE
237,8,450,11.796739543526476,-0.6094874176065328,-0.5701232745583144,FALSE,FALSE
237,12,300,10.496761564678,-0.6461272740516663,-0.6186197672377737,FALSE,FALSE
237,16,225,13.670038377460964,-0.5661882768755746,-0.5482094417892436,FALSE,FALSE
237,20,180,14.18873302814393,-0.555742910514466,-0.5416711857370071,FALSE,FALSE
238,4,900,8.14163248275627,1.1195138991963105,0.9695274765937761,FALSE,FALSE
238,8,450,8.415508624005986,1.1011463721607155,1.0300281143286172,FALSE,FALSE
238,12,300,8.039919410756996,1.1265731315255312,1.07861165499249,FALSE,FALSE
238,16,225,7.114609201227901,1.1975942775285844,1.1595656730953776,FALSE,FALSE
238,20,180,7.789099911144797,1.1445680000638245,1.115586891027139,FALSE,FALSE
239,4,900,3.0925200876122116,1.8348217082773295,1.5890022107833277,FALSE,FALSE
239,8,450,4.613050939428023,1.5022977238320327,1.405270843877451,FALSE,FALSE
239,12,300,7.2503219784082695,1.1983163574542683,1.1473005642945504,FALSE,FALSE
239,16,225,5.374995854100491,1.3917494796079388,1.3475556391535966,FALSE,FALSE
239,20,180,4.145426075266745,1.5847674662344293,1.5446402577730967,FALSE,FALSE
240,4,900,1.8569009092414586,1.0832881838204051,0.9381550868079775,FALSE,FALSE
240,8,450,2.9189772079722553,0.8640184542092141,0.8082152578752271,FALSE,FALSE
240,12,300,12.22403915413693,0.4222124197456778,0.40423761589590934,FALSE,FALSE
240,16,225,8.731837311494424,0.49955757956340757,0.48369454653019106,FALSE,FALSE
240,20,180,6.922851020200681,0.5610426505076461,0.5468367333164557,FALSE,FALSE
241,4,900,17.620305342391827,-0.12060263190709664,-0.10444494299480939,FALSE,FALSE
241,8,450,10.909497393743205,-0.1532714016800658,-0.14337226806935352,FALSE,FALSE
241,12,300,9.055522959878443,-0.16823127349037267,-0.16106918161205303,FALSE,FALSE
241,16,225,10.794484623539132,-0.15408577409267904,-0.14919290923710604,FALSE,FALSE
241,20,180,8.065014877781257,-0.17826287811507216,-0.17374916123013548,FALSE,FALSE
242,4,900,2.5924933740589524,-0.037186439294575414,-0.03220440110539019,FALSE,FALSE
242,8,450,7.7790468844730585,-0.021467438553349046,-0.020080950009563538,FALSE,FALSE
242,12,300,8.346680015573217,-0.020724618309611746,-0.019842311367525622,FALSE,FALSE
242,16,225,7.706924581584323,-0.021567652049049375,-0.020882789300691127,FALSE,FALSE
242,20,180,6.590915424494864,-0.02332225575683185,-0.022731723051887698,FALSE,FALSE
243,4,900,5.366064698769564,-0.21983017739927782,-0.19037851814621434,FALSE,FALSE
243,8,450,7.065388561840902,-0.19157870675699307,-0.17920547082147548,FALSE,FALSE
243,12,300,10.036378829359704,-0.16074102740543245,-0.15389781696656546,FALSE,FALSE
243,16,225,11.679774815647294,-0.14900403454164599,-0.1442725360743774,FALSE,FALSE
243,20,180,9.71451854556507,-0.1633821556682651,-0.1592452270910144,FALSE,FALSE
244,4,900,7.957009320017859,2.313837166908176,2.0038417667630948,TRUE,FALSE
244,8,450,12.072700128450748,1.8784754322397066,1.7571528692282676,FALSE,FALSE
244,12,300,11.485454649808046,1.925899544812463,1.8439084310190446,FALSE,FALSE
244,16,225,9.64426090601691,2.1017122268680817,2.034974113295146,TRUE,FALSE
244,20,180,8.34971656104819,2.2587692125599452,2.2015758987207867,TRUE,TRUE
245,4,900,4.099941948316484,3.364630780078217,2.9138557299027887,TRUE,FALSE
245,8,450,3.7350920125033666,3.5251338742751774,3.29746080001219,TRUE,TRUE
245,12,300,5.713050186960899,2.850310992795475,2.7289650100382685,TRUE,TRUE
245,16,225,6.922598706136926,2.589355552843597,2.5071327333932376,TRUE,TRUE
245,20,180,6.968912108531665,2.5807371508437567,2.5153914267282325,TRUE,TRUE
246,4,900,2.2441858322998622,-3.8978159664877188,-3.3756076462549585,TRUE,TRUE
246,8,450,6.4739378016617675,-2.2949143263574303,-2.1466957853071555,TRUE,FALSE
246,12,300,2.8301369306827677,-3.4709392630886144,-3.3231713398568474,TRUE,TRUE
246,16,225,11.831037532976731,-1.6976154627534763,-1.6437091038771028,FALSE,FALSE
246,20,180,7.472515584812107,-2.136079065040035,-2.081992335119703,TRUE,FALSE
247,4,900,15.486690633670033,-1.227695733864528,-1.0632156936444606,FALSE,FALSE
247,8,450,14.100006352589334,-1.2866499396706161,-1.2035508127402017,FALSE,FALSE
247,12,300,8.536293958363657,-1.6536187082724423,-1.5832193771930563,FALSE,FALSE
247,16,225,9.006147153133394,-1.609906073460008,-1.5587848528671964,FALSE,FALSE
247,20,180,10.436756649425057,-1.4955029687639587,-1.4576359878593568,FALSE,FALSE
248,4,900,4.291870171632616,-0.057303760964541484,-0.04962651272768399,FALSE,FALSE
248,8,450,4.978416351059993,-0.05320602417490622,-0.04976967834372769,FALSE,FALSE
248,12,300,10.944522964411252,-0.03588459063144475,-0.03435687982128433,FALSE,FALSE
248,16,225,10.900844137727482,-0.03595641212635948,-0.03481464633869017,FALSE,FALSE
248,20,180,9.008562579395186,-0.03955293037004053,-0.038551427805133376,FALSE,FALSE
249,4,900,1.188131521299938,1.6272126415090165,1.4092074849059888,FALSE,FALSE
249,8,450,10.341921242439026,0.5515386546744846,0.5159171703385368,FALSE,FALSE
249,12,300,10.431097425608916,0.5491760229473618,0.525796011299621,FALSE,FALSE
249,16,225,9.016997064324451,0.5906709393610631,0.5719146778085221,FALSE,FALSE
249,20,180,8.858242457231833,0.5959403435165799,0.5808507970030912,FALSE,FALSE
250,4,900,1.3981515039798704,0.8475480846960711,0.7339981722756426,FALSE,FALSE
250,8,450,14.120525775915404,0.26669571008261683,0.2494709934128862,FALSE,FALSE
250,12,300,12.278956545792642,0.28599650945953997,0.27382081088025556,FALSE,FALSE
250,16,225,10.014311719100226,0.31668749226628623,0.30663134587487917,FALSE,FALSE
250,20,180,5.252824726871115,0.4372652944993072,0.42619348996070733,FALSE,FALSE
251,4,900,3.285170865474308,-0.8794749115656699,-0.7616476154069427,FALSE,FALSE
251,8,450,1.9690334800366505,-1.1359936036197495,-1.0626247145779462,FALSE,FALSE
251,12,300,6.345534794879193,-0.6328026969453884,-0.6058624559168337,FALSE,FALSE
251,16,225,4.457502658433277,-0.7550168271500522,-0.731041899414629,FALSE,FALSE
251,20,180,6.987949739275451,-0.6030142150232877,-0.5877455540828397,FALSE,FALSE
252,4,900,5.093640385520857,-1.195299454706968,-1.0351596929059212,FALSE,FALSE
252,8,450,2.765585388745783,-1.6221735859894297,-1.5174044451617308,FALSE,FALSE
252,12,300,3.0436752437098398,-1.5462926997951179,-1.4804625473095792,FALSE,FALSE
252,16,225,4.715943235528913,-1.242243053820077,-1.2027966648467505,FALSE,FALSE
252,20,180,6.60680490373444,-1.049530636049895,-1.022955926815487,FALSE,FALSE
253,4,900,3.9337620134405213,-1.693447184686368,-1.4665682819056325,FALSE,FALSE
253,8,450,15.267468613093012,-0.8595916330692398,-0.8040743458706491,FALSE,FALSE
253,12,300,12.92153402450189,-0.9343695132317217,-0.8945907006291448,FALSE,FALSE
253,16,225,16.139946608740328,-0.8360353684497178,-0.8094877647115347,FALSE,FALSE
253,20,180,15.503168400477513,-0.853032278885728,-0.8314330191782916,FALSE,FALSE
254,4,900,12.339282604460287,-0.048885541923698934,-0.04233612118369247,FALSE,FALSE
254,8,450,9.317002288499767,-0.056258388566493504,-0.052624903786954766,FALSE,FALSE
254,12,300,14.251560188775898,-0.045487721539183845,-0.043551177671686474,FALSE,FALSE
254,16,225,8.16113478915137,-0.0601104686632923,-0.05820171101641348,FALSE,FALSE
254,20,180,9.87128127571748,-0.054656098316577625,-0.05327217499813415,FALSE,FALSE
255,4,900,0.4605096580764741,3.2183703806950876,2.7871905084693407,TRUE,FALSE
255,8,450,1.0852638334357374,2.09646554363518,1.9610639468649043,TRUE,FALSE
255,12,300,2.754234161673457,1.3159971955964351,1.2599713887953468,FALSE,FALSE
255,16,225,4.444864676098609,1.0359197723671507,1.0030250065962383,FALSE,FALSE
255,20,180,7.034541097035768,0.8234505207506896,0.8026002878882817,FALSE,FALSE
256,4,900,28.46261591616864,0.2768970743397314,0.23979990061179557,FALSE,FALSE
256,8,450,24.29221119088998,0.2997245033046215,0.2803666004467219,FALSE,FALSE
256,12,300,17.20837879558507,0.3561113326418418,0.3409506432505338,FALSE,FALSE
256,16,225,23.992973091561566,0.30158777953526683,0.2920111118899406,FALSE,FALSE
256,20,180,23.27656151478074,0.30619377739647613,0.29844077779436684,FALSE,FALSE
257,4,900,5.338074318729853,1.2665520445677239,1.0968662458107694,FALSE,FALSE
257,8,450,5.914269615596926,1.2032747095754013,1.1255604263502672,FALSE,FALSE
257,12,300,5.868142561030182,1.207994676040371,1.156566848866387,FALSE,FALSE
257,16,225,9.802185242069438,0.9346605135100696,0.9049811507955431,FALSE,FALSE
257,20,180,8.924873734026425,0.9795222555802334,0.9547201981303939,FALSE,FALSE
258,4,900,3.728541437221097,0.9018244283850996,0.7810028647348763,FALSE,FALSE
258,8,450,6.474375116237483,0.6843725047653954,0.6401718594401065,FALSE,FALSE
258,12,300,5.959035749941718,0.7133513487973463,0.682981918693126,FALSE,FALSE
258,16,225,6.904694011852504,0.6627034989656162,0.6416599037418039,FALSE,FALSE
258,20,180,5.112548469170132,0.7701454660567896,0.750644947324258,FALSE,FALSE
259,4,900,0.3190212393291295,8.799959222632241,7.620988239066681,TRUE,TRUE
259,8,450,5.502839051649237,2.118834585746671,1.9819882697777838,TRUE,FALSE
259,12,300,6.170083394579166,2.00099010783105,1.9158021715897255,TRUE,FALSE
259,16,225,6.781063712144177,1.9087170204004384,1.8481073081583852,FALSE,FALSE
259,20,180,5.847015846305881,2.0555276506251157,2.003480528071133,TRUE,FALSE
260,4,900,2.7413143166821214,-0.43584555123322033,-0.37745331949440086,FALSE,FALSE
260,8,450,13.601975464769748,-0.19566405104515158,-0.18302696047980124,FALSE,FALSE
260,12,300,11.978626444890802,-0.20850118314050506,-0.19962468473798833,FALSE,FALSE
260,16,225,15.762720235818637,-0.1817592201800918,-0.17598760819428566,FALSE,FALSE
260,20,180,9.12366857519701,-0.2389061249602286,-0.23285688677025795,FALSE,FALSE
261,4,900,1.436279354680401,1.606318590095247,1.3911127055936865,FALSE,FALSE
261,8,450,5.112854803303424,0.8513721013293278,0.796385677958033,FALSE,FALSE
261,12,300,7.077380492304771,0.7236271820169548,0.6928202799723622,FALSE,FALSE
261,16,225,8.48478701684137,0.6608922693919679,0.6399061882480793,FALSE,FALSE
261,20,180,10.962589406730455,0.5814261630835257,0.5667041238266483,FALSE,FALSE
262,4,900,1.2032220831956861,-2.5922333135541873,-2.2449399020742384,TRUE,FALSE
262,8,450,8.630308432802371,-0.9679074354967642,-0.9053945014349725,FALSE,FALSE
262,12,300,8.905775327858233,-0.9528205544464803,-0.9122562276544841,FALSE,FALSE
262,16,225,8.943326746873415,-0.950818089247875,-0.9206256562324444,FALSE,FALSE
262,20,180,9.455968174120349,-0.9246853641277332,-0.9012718077807806,FALSE,FALSE
263,4,900,4.201021295446689,-1.219337909417121,-1.0559776053526355,FALSE,FALSE
263,8,450,7.853660948433906,-0.8917958430694687,-0.834198625928793,FALSE,FALSE
263,12,300,4.073121088588618,-1.2383341710459093,-1.1856147038203273,FALSE,FALSE
263,16,225,6.310386474539271,-0.9948865022471121,-0.9632947136424033,FALSE,FALSE
263,20,180,6.190680736099351,-1.0044592307137308,-0.9790257549511753,FALSE,FALSE
264,4,900,10.467029616225698,0.3984768350492432,0.34509106197226597,FALSE,FALSE
264,8,450,7.61285308781076,0.46724114696661795,0.4370640722380937,FALSE,FALSE
264,12,300,8.481317603844156,0.44267311070559495,0.42382723606435907,FALSE,FALSE
264,16,225,8.693754071075457,0.43723118552440565,0.42334727499463715,FALSE,FALSE
264,20,180,9.017375733084632,0.4293136753936839,0.41844321034763093,FALSE,FALSE
265,4,900,11.202277338689935,1.747398208464147,1.5132912390573676,FALSE,FALSE
265,8,450,6.666314998686042,2.265176934579458,2.1188790024047957,TRUE,FALSE
265,12,300,7.393880045293134,2.150843672060623,2.059276036177024,TRUE,FALSE
265,16,225,6.558691161241921,2.2836863485762846,2.2111697989992942,TRUE,TRUE
265,20,180,4.855399318194494,2.654193430108003,2.586987751460579,TRUE,TRUE
266,4,900,1.4253918371122156,-1.4995046865705162,-1.2986091516638893,FALSE,FALSE
266,8,450,4.426170530205426,-0.8509438228005343,-0.7959850600778187,FALSE,FALSE
266,12,300,5.995433943728041,-0.7311469117373356,-0.7000198730496558,FALSE,FALSE
266,16,225,3.8199090749589137,-0.9159851825513746,-0.8868988393485586,FALSE,FALSE
266,20,180,5.023797195531022,-0.7987280043030152,-0.7785037595381178,FALSE,FALSE
267,4,900,6.315697526275915,-0.1016805685756602,-0.08805795545776743,FALSE,FALSE
267,8,450,7.962680783231184,-0.09055636357502196,-0.0847077216724669,FALSE,FALSE
267,12,300,7.327860517270284,-0.09439739946927121,-0.09037862915358402,FALSE,FALSE
267,16,225,10.263041967718028,-0.07976467037752356,-0.07723180999696821,FALSE,FALSE
267,20,180,8.193088337609147,-0.08927396184417556,-0.08701349464415016,FALSE,FALSE
268,4,900,6.581205412508041,1.6605095234978724,1.4380434305751506,FALSE,FALSE
268,8,450,9.696280190411443,1.3680170668564045,1.2796627908590217,FALSE,FALSE
268,12,300,8.404563415102078,1.469388087460278,1.4068319867487111,FALSE,FALSE
268,16,225,8.995495476271213,1.420304781454081,1.3752041912776052,FALSE,FALSE
268,20,180,6.687393618505805,1.6472732675861086,1.6055633768863264,FALSE,FALSE
269,4,900,2.4907389372585125,-1.0556540541289776,-0.9142232284837274,FALSE,FALSE
269,8,450,3.048924464655887,-0.954140635827267,-0.8925168395160697,FALSE,FALSE
269,12,300,5.558168035267431,-0.7066752623195938,-0.6765900525256002,FALSE,FALSE
269,16,225,6.607543030649471,-0.6481353737251047,-0.6275543771313127,FALSE,FALSE
269,20,180,6.178906739060933,-0.6702393237024327,-0.6532684849931455,FALSE,FALSE
270,4,900,5.2238049447726205,3.105513296438646,2.689453406506221,TRUE,FALSE
270,8,450,9.113049610053977,2.3512293908141215,2.199373704534913,TRUE,FALSE
270,12,300,15.242528783372597,1.8180187468456939,1.740620430639275,FALSE,FALSE
270,16,225,11.032500730638331,2.136927985484833,2.069071624956831,TRUE,FALSE
270,20,180,7.92798200196615,2.520841508334701,2.457012375759636,TRUE,TRUE
271,4,900,4.350803871524175,-0.9030728151132122,-0.7820839993551693,FALSE,FALSE
271,8,450,2.8271715889345455,-1.120292525226912,-1.0479377005907269,FALSE,FALSE
271,12,300,6.976686716656375,-0.7131533249291985,-0.6827923252737785,FALSE,FALSE
271,16,225,5.4817771119216285,-0.8045385076881012,-0.7789910604146459,FALSE,FALSE
271,20,180,5.532681757479,-0.800828788918787,-0.7805513510993843,FALSE,FALSE
272,4,900,14.850599417937797,0.44636623409509263,0.38656449811794186,FALSE,FALSE
272,8,450,14.797878861481522,0.4471606639485796,0.4182805003344857,FALSE,FALSE
272,12,300,10.215145477541983,0.5381967219522957,0.5152841309027286,FALSE,FALSE
272,16,225,11.947971710988588,0.49764109082527574,0.4818389142886964,FALSE,FALSE
272,20,180,8.432651046777508,0.592353912989644,0.5773551769252923,FALSE,FALSE
273,4,900,10.039214338976192,0.06204299663279463,0.053730811210912534,FALSE,FALSE
273,8,450,7.961480604181193,0.06966998360842114,0.06517030220121708,FALSE,FALSE
273,12,300,8.901837674032125,0.06588746427678603,0.0630824443599223,FALSE,FALSE
273,16,225,6.373593453208014,0.07786646340232915,0.07539387899632254,FALSE,FALSE
273,20,180,6.952471776405714,0.07455435405566,0.07266659564905921,FALSE,FALSE
274,4,900,16.929279382582354,0.6952105345070831,0.6020699838616921,FALSE,FALSE
274,8,450,17.620456428964083,0.6814390283502383,0.6374278435156816,FALSE,FALSE
274,12,300,12.464442518851458,0.8102128948403483,0.7757197885738848,FALSE,FALSE
274,16,225,12.083755052373961,0.8228764319303101,0.7967466792131681,FALSE,FALSE
274,20,180,6.403517959211202,1.1303846840765999,1.101762704621647,FALSE,FALSE
275,4,900,9.602901664557526,0.2309095231885824,0.19997351305706426,FALSE,FALSE
275,8,450,9.105754493267424,0.23712924410502687,0.2218140969564237,FALSE,FALSE
275,12,300,12.70627868909159,0.20073998946822183,0.1921939075275974,FALSE,FALSE
275,16,225,12.042413664511246,0.2061988859742015,0.19965121284615114,FALSE,FALSE
275,20,180,10.912560880000164,0.21661062003910245,0.21112591664226868,FALSE,FALSE
276,4,900,7.8568420058264365,0.2704013208812609,0.23417441310003953,FALSE,FALSE
276,8,450,10.929891653297437,0.22925820635594232,0.21445141532256404,FALSE,FALSE
276,12,300,10.045448054690352,0.23913776314505147,0.22895697692328684,FALSE,FALSE
276,16,225,8.407903125102287,0.26139000024100534,0.2530897794496416,FALSE,FALSE
276,20,180,11.648344427492942,0.22207553491551718,0.21645245678349884,FALSE,FALSE
277,4,900,13.78177278738501,-0.35864921237224,-0.31059932896164005,FALSE,FALSE
277,8,450,10.111699830466575,-0.41870711399236155,-0.39166464149107955,FALSE,FALSE
277,12,300,7.574726053532981,-0.4837700287998328,-0.4631745394930243,FALSE,FALSE
277,16,225,11.255055906231092,-0.3968702968006306,-0.3842680125283092,FALSE,FALSE
277,20,180,9.586530681476617,-0.430023006247211,-0.41913458054280656,FALSE,FALSE
278,4,900,9.342738576145416,0.20912041281053478,0.18110358994381187,FALSE,FALSE
278,8,450,8.171150491178151,0.22361036029975168,0.2091683390936871,FALSE,FALSE
278,12,300,8.335361390542317,0.22139678446692534,0.2119712830187217,FALSE,FALSE
278,16,225,7.776818630028177,0.22920946142554188,0.22193110672357377,FALSE,FALSE
278,20,180,6.647462790706406,0.24791657785125498,0.2416391898985003,FALSE,FALSE
279,4,900,0.41103140463963245,1.2916902413703781,1.1186365628472006,FALSE,FALSE
279,8,450,3.386020380734479,0.4500399805056499,0.4209738543506414,FALSE,FALSE
279,12,300,4.8317779008892225,0.37674057782893344,0.36070164180520736,FALSE,FALSE
279,16,225,7.576846188614231,0.30085112898398764,0.2912978530606709,FALSE,FALSE
279,20,180,7.600633870109665,0.300379973604402,0.2927741828021251,FALSE,FALSE
280,4,900,2.4856597034451293,-1.6482960826434006,-1.4274662805275593,FALSE,FALSE
280,8,450,2.2543713032453043,-1.7307858604934798,-1.6190019249598302,FALSE,FALSE
280,12,300,4.279150505672677,-1.256253490668169,-1.202771146179229,FALSE,FALSE
280,16,225,4.823786247430848,-1.1832105540717852,-1.1456386927442186,FALSE,FALSE
280,20,180,6.576431100329531,-1.0133533910017813,-0.9876947100709149,FALSE,FALSE
281,4,900,0.2073284083970994,8.693383654376806,7.5286910895347114,TRUE,TRUE
281,8,450,3.232612542254286,2.2016152575172403,2.059422497780899,TRUE,FALSE
281,12,300,12.600197192630874,1.115140482626781,1.067665727023366,FALSE,FALSE
281,16,225,10.646138227147375,1.2131715098412055,1.174648263427074,FALSE,FALSE
281,20,180,8.783492917204377,1.3356252641138557,1.3018064771048907,FALSE,FALSE
282,4,900,3.2548599065911907,2.33829222787782,2.025020470813904,TRUE,FALSE
282,8,450,3.762579072730852,2.1748139931403285,2.0343522105732106,TRUE,FALSE
282,12,300,3.3239249171761673,2.3138720169534617,2.215363792910077,TRUE,TRUE
282,16,225,4.553719164805674,1.9768868600507303,1.9141124715781879,TRUE,FALSE
282,20,180,4.571101575211192,1.9731245515238536,1.9231639220396417,TRUE,FALSE
283,4,900,6.3953651558035025,0.07176692674593832,0.06215198171351946,FALSE,FALSE
283,8,450,4.809317646354954,0.08275901079897785,0.07741396601952497,FALSE,FALSE
283,12,300,5.848425754120074,0.07504772502807414,0.07185272631732197,FALSE,FALSE
283,16,225,7.758452607470546,0.06515825821123906,0.0630892122300029,FALSE,FALSE
283,20,180,5.123392742267759,0.08018224242166888,0.07815198269896236,FALSE,FALSE
284,4,900,8.904248624616313,-0.6523670745698212,-0.5649664591700024,FALSE,FALSE
284,8,450,8.68680854399717,-0.660481333018749,-0.6178237146289755,FALSE,FALSE
284,12,300,6.978113084934568,-0.7369222528368542,-0.7055493411748742,FALSE,FALSE
284,16,225,7.855537715500764,-0.6945487174324155,-0.6724939039363667,FALSE,FALSE
284,20,180,6.7395445048631855,-0.7498517337255235,-0.7308650637721129,FALSE,FALSE
285,4,900,11.317707301683319,1.7052064456400837,1.476752100621281,FALSE,FALSE
285,8,450,10.569041084775586,1.7645680098017011,1.6506022320848819,FALSE,FALSE
285,12,300,9.012037331554328,1.9109296701448732,1.8295758672125793,FALSE,FALSE
285,16,225,8.608653352025938,1.955188276430974,1.8931029083292865,FALSE,FALSE
285,20,180,6.824873116484163,2.1958815198372723,2.140280557942044,TRUE,TRUE
286,4,900,1.093384583724588,2.356113937274225,2.040454523890054,TRUE,FALSE
286,8,450,2.9770136189983285,1.4278821046002386,1.335661406029951,FALSE,FALSE
286,12,300,5.496848720276575,1.0508140453126584,1.0060778521934362,FALSE,FALSE
286,16,225,6.728346208926127,0.9497921948770238,0.9196323382791257,FALSE,FALSE
286,20,180,10.406389235764374,0.763717475658389,0.7443797172778963,FALSE,FALSE
287,4,900,6.579889237635465,-1.5455462827559472,-1.3384823435912572,FALSE,FALSE
287,8,450,17.26569304096098,-0.9541118695036891,-0.8924899310842933,FALSE,FALSE
287,12,300,11.08570859917758,-1.1907198049226846,-1.140027418975317,FALSE,FALSE
287,16,225,11.925571227342719,-1.1480259662033707,-1.1115713620298335,FALSE,FALSE
287,20,180,10.53216675050508,-1.2216096175485414,-1.1906777711886363,FALSE,FALSE
288,4,900,2.8970947777840426,-1.1418082616241334,-0.988834960817448,FALSE,FALSE
288,8,450,13.706276312758598,-0.5249461939842944,-0.49104220109505037,FALSE,FALSE
288,12,300,9.967971981852266,-0.6155610451920751,-0.589354831145717,FALSE,FALSE
288,16,225,11.691815439560104,-0.5683731545182777,-0.5503249404701661,FALSE,FALSE
288,20,180,11.969009193960545,-0.561753041366841,-0.5475291366773561,FALSE,FALSE
289,4,900,1.968367412165472,0.1714583483442139,0.14848728535701075,FALSE,FALSE
289,8,450,12.61038542293742,0.06774036599507344,0.06336531020205921,FALSE,FALSE
289,12,300,14.218904920801123,0.06379382518230155,0.06107793753700442,FALSE,FALSE
289,16,225,8.440544179568434,0.08279926761395492,0.08017004613675464,FALSE,FALSE
289,20,180,10.138277981988448,0.07554915679433945,0.07363620941981534,FALSE,FALSE
290,4,900,6.329429883330242,-1.7386286139002065,-1.505696547384105,FALSE,FALSE
290,8,450,14.249893469564617,-1.1587328266945418,-1.0838953100747704,FALSE,FALSE
290,12,300,11.900916844595812,-1.2679406021916277,-1.2139607035631599,FALSE,FALSE
290,16,225,12.255394059300006,-1.249468982374809,-1.209793140085091,FALSE,FALSE
290,20,180,14.84550743627798,-1.1352502233201769,-1.1065050456600212,FALSE,FALSE
291,4,900,12.813402069367209,-0.35577716344411575,-0.30811206162897253,FALSE,FALSE
291,8,450,9.362138861942052,-0.4162198190020146,-0.3893379900726502,FALSE,FALSE
291,12,300,9.46112235683896,-0.4140368212976014,-0.3964100763195903,FALSE,FALSE
291,16,225,7.258676404600943,-0.47269561913257574,-0.45768556518141745,FALSE,FALSE
291,20,180,6.132669376294195,-0.5142632846673295,-0.5012418474738409,FALSE,FALSE
292,4,900,1.279119628325068,1.4069342080470824,1.218440765622114,FALSE,FALSE
292,8,450,2.5105714333609686,1.0042528649595222,0.9393925375911724,FALSE,FALSE
292,12,300,4.370166563543064,0.7611677439254567,0.728762631583967,FALSE,FALSE
292,16,225,5.709423893641175,0.6659371248064445,0.6447908484991525,FALSE,FALSE
292,20,180,5.938552365582835,0.6529637560250883,0.636430344459055,FALSE,FALSE
293,4,900,20.059349351926084,0.07291493395641507,0.06314618512152004,FALSE,FALSE
293,8,450,13.615197913483735,0.08850400592102847,0.08278791687837521,FALSE,FALSE
293,12,300,9.926153533378551,0.10365360558539483,0.09924077180414079,FALSE,FALSE
293,16,225,8.248321606281731,0.11370828642919624,0.11009757491651496,FALSE,FALSE
293,20,180,12.58532287150148,0.09205401322982423,0.08972315355654203,FALSE,FALSE
294,4,900,1.1955929129657847,1.344782754478135,1.1646160279492763,FALSE,FALSE
294,8,450,5.6099758054066395,0.6208165742229417,0.5807207301932407,FALSE,FALSE
294,12,300,6.788140280380657,0.5643758123302457,0.540348701686981,FALSE,FALSE
294,16,225,5.974900736035961,0.6015593062618395,0.5824572937270479,FALSE,FALSE
294,20,180,5.065640671964101,0.6533209832577073,0.6367785264961252,FALSE,FALSE
295,4,900,2.7938374148560543,0.8536711739519209,0.739300923120848,FALSE,FALSE
295,8,450,3.995398600821837,0.71385683926842,0.6677519289369455,FALSE,FALSE
295,12,300,4.761080473335082,0.6539407789228044,0.6261006286079875,FALSE,FALSE
295,16,225,4.709276607203375,0.6575277422948748,0.636648498894353,FALSE,FALSE
295,20,180,5.255060433979621,0.6224469222986254,0.6066862142203986,FALSE,FALSE
296,4,900,0.9257253870811323,-3.051710848895493,-2.642859120148071,TRUE,FALSE
296,8,450,5.188370401224647,-1.2890476814479979,-1.205793694798431,FALSE,FALSE
296,12,300,8.81273478603599,-0.9890747577946625,-0.9469669847101443,FALSE,FALSE
296,16,225,7.208071907356284,-1.0936413274501684,-1.0589136619846686,FALSE,FALSE
296,20,180,5.900934240754058,-1.2087154716151265,-1.1781101123221414,FALSE,FALSE
297,4,900,11.555270902365468,0.888531277174606,0.7694906580902411,FALSE,FALSE
297,8,450,7.113242412294435,1.1324759325844571,1.0593342346245855,FALSE,FALSE
297,12,300,7.453534026808149,1.1063223001549882,1.0592229600837297,FALSE,FALSE
297,16,225,6.113286096482186,1.2215898774766272,1.182799312840634,FALSE,FALSE
297,20,180,7.706273876065221,1.088029237899862,1.060479722294918,FALSE,FALSE
298,4,900,12.960793984859546,-0.5485829559095453,-0.4750867759008249,FALSE,FALSE
298,8,450,13.073946568411035,-0.546203855167896,-0.5109269223433406,FALSE,FALSE
298,12,300,4.124291140566789,-0.9724862204448865,-0.9310846693734404,FALSE,FALSE
298,16,225,12.81348541877389,-0.5517273008451237,-0.5342076619552834,FALSE,FALSE
298,20,180,10.73117671077534,-0.6028849474508244,-0.5876195596384145,FALSE,FALSE
299,4,900,13.719498406676987,-0.08592482887630154,-0.07441308462270783,FALSE,FALSE
299,8,450,9.23157568610135,-0.10474899752736849,-0.0979837150888609,FALSE,FALSE
299,12,300,8.403810550059115,-0.10978668353190936,-0.10511274688411637,FALSE,FALSE
299,16,225,9.019635380351655,-0.10597252977549547,-0.1026074607439909,FALSE,FALSE
299,20,180,7.80112616460265,-0.11394863887470931,-0.11106339489826955,FALSE,FALSE
300,4,900,7.246013740839658,1.1225671401687933,0.9721716608398218,FALSE,FALSE
300,8,450,11.968549621998637,0.8734562155878436,0.8170434752694667,FALSE,FALSE
300,12,300,9.111046187066664,1.001100729628524,0.9584809761409975,FALSE,FALSE
300,16,225,9.557149554455531,0.9774571121675188,0.9464187792641989,FALSE,FALSE
300,20,180,7.944171632690212,1.0721056698369915,1.0449593479804815,FALSE,FALSE
301,4,900,2.2105969353739443,-0.4685463676327246,-0.4057730572208623,FALSE,FALSE
301,8,450,9.180668530234964,-0.22991653382564228,-0.2150672242825438,FALSE,FALSE
301,12,300,10.492340046110812,-0.21506571319682155,-0.20590974376358698,FALSE,FALSE
301,16,225,9.338025134609701,-0.22797112264474037,-0.220732090354822,FALSE,FALSE
301,20,180,8.966575660225589,-0.23264517429266082,-0.22675446691428022,FALSE,FALSE
302,4,900,3.198055221723419,0.7427626679343529,0.6432513394138548,FALSE,FALSE
302,8,450,16.480039621061753,0.32720047166056654,0.3060680154361691,FALSE,FALSE
302,12,300,13.88012493738616,0.35653022983202193,0.34135170677577525,FALSE,FALSE
302,16,225,16.260631831724503,0.32940056397339584,0.3189407246250732,FALSE,FALSE
302,20,180,13.697150146230289,0.3589037024594859,0.3498160577463116,FALSE,FALSE
303,4,900,1.7326600500586773,1.3231693985197364,1.1458983126282674,FALSE,FALSE
303,8,450,9.161224371351038,0.5754338017360574,0.5382690337162827,FALSE,FALSE
303,12,300,8.897524046688092,0.5838987479576051,0.5590404894795968,FALSE,FALSE
303,16,225,9.180553111480815,0.5748277232823272,0.5565745498026947,FALSE,FALSE
303,20,180,9.6153767962770509,0.561680019935479,0.5474579641899312,FALSE,FALSE
304,4,900,0.773951534915182,-6.457276037641315,-5.5921650878459,TRUE,TRUE
304,8,450,10.779165545155324,-1.7302691485372754,-1.6185185851828887,FALSE,FALSE
304,12,300,16.058623472993098,-1.4175946889239626,-1.3572435829872154,FALSE,FALSE
304,16,225,14.454631218394557,-1.494179339932242,-1.446732924951191,FALSE,FALSE
304,20,180,9.83406375634399,-1.8115057850928955,-1.7656374341732155,FALSE,FALSE
305,4,900,6.354885973567635,-2.4174830722438228,-2.0936017537820018,TRUE,FALSE
305,8,450,12.325809560508826,-1.7358396177724478,-1.6237292820232836,FALSE,FALSE
305,12,300,8.416352793316998,-2.100658022624484,-2.011226934986508,TRUE,FALSE
305,16,225,10.558143181133993,-1.8755279875509978,-1.8159721652827316,FALSE,FALSE
305,20,180,10.238228993084249,-1.9046049268904002,-1.856379253051064,FALSE,FALSE
306,4,900,7.4935194405579715,-0.5111737850878225,-0.44268948363470134,FALSE,FALSE
306,8,450,6.887527671415351,-0.5331873219761336,-0.49875107045155403,FALSE,FALSE
306,12,300,8.40225419831791,-0.482740331641878,-0.4621886795212187,FALSE,FALSE
306,16,225,5.143230527385288,-0.6170118392766937,-0.5974191444828605,FALSE,FALSE
306,20,180,8.567681341660021,-0.4780571741098384,-0.46595249611091266,FALSE,FALSE
307,4,900,0.6350498505049629,-0.15650407108301218,-0.1355365013535741,FALSE,FALSE
307,8,450,3.8546505157281725,-0.06352388398817298,-0.05942115244022958,FALSE,FALSE
307,12,300,4.4374846489194315,-0.05920537229707666,-0.05668482836202733,FALSE,FALSE
307,16,225,4.035069214630668,-0.06208748297124608,-0.06011594688889317,FALSE,FALSE
307,20,180,3.721290170128401,-0.06465212149047073,-0.06301509321232221,FALSE,FALSE
308,4,900,6.8670338546111855,-1.515252919834122,-1.312247521734895,FALSE,FALSE
308,8,450,9.351169765316365,-1.2984844498992818,-1.2146209833941863,FALSE,FALSE
308,12,300,12.462210955609962,-1.1247918853051415,-1.0769062415755004,FALSE,FALSE
308,16,225,16.447743012352994,-0.9790763675713327,-0.9479866165672557,FALSE,FALSE
308,20,180,14.937797705392116,-1.0273689522522509,-1.001355389384455,FALSE,FALSE
309,4,900,0.3097643024992352,3.7987764546177165,3.289836912997126,TRUE,TRUE
309,8,450,2.324389430026858,1.3867717163909397,1.2972061591008341,FALSE,FALSE
309,12,300,3.9998230522898215,1.0571558853370824,1.0121497017458738,FALSE,FALSE
309,16,225,4.8730591731436945,0.9577641543370972,0.9273511548355019,FALSE,FALSE
309,20,180,4.9082966525053155,0.9543199874295512,0.930156065661651,FALSE,FALSE
310,4,900,1.3978485865248067,0.18605823882720102,0.16113116140774827,FALSE,FALSE
310,8,450,1.5365170417056233,0.17746400598324322,0.16600237721842423,FALSE,FALSE
310,12,300,2.9983300807105375,0.12703963890037082,0.12163119404279162,FALSE,FALSE
310,16,225,3.636864903527327,0.11534941255684253,0.11168658845686495,FALSE,FALSE
310,20,180,5.13999521719699,0.09702811943422032,0.09457131257889073,FALSE,FALSE
311,4,900,0.5374886170355104,-2.9121168051072015,-2.5219671320104133,TRUE,FALSE
311,8,450,9.8425132388473,-0.6805192619652126,-0.6365674808435222,FALSE,FALSE
311,12,300,10.08075846663062,-0.6724295983251809,-0.6438023254942341,FALSE,FALSE
311,16,225,7.882288530450488,-0.7604440428524021,-0.7362967784224982,FALSE,FALSE
311,20,180,9.223806625307287,-0.7029724926507406,-0.6851728315924499,FALSE,FALSE
312,4,900,5.882873734066651,-0.584257085757672,-0.5059814786072072,FALSE,FALSE
312,8,450,3.9206196798298474,-0.7156841413436266,-0.6694612135138365,FALSE,FALSE
312,12,300,3.275365188211743,-0.7830128462781184,-0.7496777247481171,FALSE,FALSE
312,16,225,5.908498940065267,-0.5829887452932174,-0.5644764253867471,FALSE,FALSE
312,20,180,10.181686408494963,-0.44410830350829456,-0.43286323011173483,FALSE,FALSE
313,4,900,6.044786322399061,-0.38288261585603894,-0.3315860719987682,FALSE,FALSE
313,8,450,5.127009229383699,-0.4157421671142147,-0.38889118764407693,FALSE,FALSE
313,12,300,6.7771818670047335,-0.3616026088174953,-0.34620813991728105,FALSE,FALSE
313,16,225,7.312580087026189,-0.3481134532440668,-0.33705940175125626,FALSE,FALSE
313,20,180,9.88556461318692,-0.29940247467911596,-0.2918214347024216,FALSE,FALSE
314,4,900,3.7366043449994613,0.7399126750377508,0.6407831731647923,FALSE,FALSE
314,8,450,2.2219059522340676,0.9595247647425266,0.8975532309478507,FALSE,FALSE
314,12,300,6.604356519589761,0.5565494648892414,0.532855544492244,FALSE,FALSE
314,16,225,2.087264036596071,0.9899889089302499,0.9585526393042273,FALSE,FALSE
314,20,180,2.537854197343806,0.8978125883396919,0.8750794658727606,FALSE,FALSE
315,4,900,1.6483580373688127,-5.888248621509478,-5.09937289002591,TRUE,TRUE
315,8,450,3.4732954476281765,-4.05640258265086,-3.794417171776121,TRUE,TRUE
315,12,300,5.806363295343266,-3.1373271754598004,-3.0037620836858383,TRUE,TRUE
315,16,225,5.159859103852661,-3.3280741408503416,-3.2223939306142326,TRUE,TRUE
315,20,180,4.581536481012593,-3.531883254024075,-3.4424539726847336,TRUE,TRUE
316,4,900,25.56380798048602,0.8723082528475737,0.7554411068968182,FALSE,FALSE
316,8,450,15.27570753463602,1.1284493929785935,1.055567751709731,FALSE,FALSE
316,12,300,10.402498381243495,1.3674577793684124,1.309241146679604,FALSE,FALSE
316,16,225,8.872678650915164,1.4806601169539007,1.4336429935889958,FALSE,FALSE
316,20,180,9.787138298622416,1.4097915140096853,1.3740947956109266,FALSE,FALSE
317,4,900,24.926989533758356,1.0198206757476556,0.8831906125020824,FALSE,FALSE
317,8,450,15.027748678241135,1.313444621828428,1.2286149428457107,FALSE,FALSE
317,12,300,15.506558289722228,1.2930074292708322,1.2379603633142309,FALSE,FALSE
317,16,225,17.420030977004654,1.2199281891422464,1.181190390029223,FALSE,FALSE
317,20,180,16.157335662447768,1.2667002450005294,1.2346266784539288,FALSE,FALSE
318,4,900,4.9791796784120095,1.0241002732462525,0.8868968526538398,FALSE,FALSE
318,8,450,8.882207249931504,0.7667626153514867,0.7172407509079991,FALSE,FALSE
318,12,300,9.87468744550694,0.7272097653171397,0.6962503423397544,FALSE,FALSE
318,16,225,12.457963852395968,0.6474374964862338,0.6268786604003517,FALSE,FALSE
318,20,180,9.943324117348402,0.724695531084016,0.7063458304078015,FALSE,FALSE
319,4,900,2.458217399138,-1.6760513744303196,-1.4515030683044807,FALSE,FALSE
319,8,450,4.639423940360727,-1.2200157605005024,-1.1412202455643332,FALSE,FALSE
319,12,300,8.1863207171462,-0.918444870790585,-0.8793440162746735,FALSE,FALSE
319,16,225,7.334971666930338,-0.9702826157722924,-0.9394721030001646,FALSE,FALSE
319,20,180,5.233724878913595,-1.1486613969214452,-1.1195766407614307,FALSE,FALSE
320,4,900,10.664000086303474,1.5792206870198149,1.3676452331410738,FALSE,FALSE
320,8,450,9.979985225083245,1.6324426964617225,1.5270103184252937,FALSE,FALSE
320,12,300,8.526186177314912,1.7661414716883532,1.6909517211271026,FALSE,FALSE
320,16,225,7.422931342296142,1.8928455245661375,1.8327397983969733,FALSE,FALSE
320,20,180,7.463482362875303,1.8876963624076222,1.8398988229831064,FALSE,FALSE
321,4,900,13.413595074041949,-0.32893636632425327,-0.28486724946534747,FALSE,FALSE
321,8,450,9.953755015080917,-0.3818484329995601,-0.3571865024902146,FALSE,FALSE
321,12,300,10.689955629334019,-0.3684652495182178,-0.3527786181549447,FALSE,FALSE
321,16,225,8.900306258719157,-0.40381459453871854,-0.39099179990098937,FALSE,FALSE
321,20,180,4.2301074165278205,-0.5857452677965013,-0.570913866365755,FALSE,FALSE
322,4,900,4.046615379939577,-1.9827429074616865,-1.7171057270352388,TRUE,FALSE
322,8,450,5.522749040228315,-1.697206609946165,-1.5875914122466568,FALSE,FALSE
322,12,300,4.518291219681962,-1.8763992871571051,-1.7965155424988817,FALSE,FALSE
322,16,225,4.558166881198032,-1.868173719178445,-1.8088514255501225,FALSE,FALSE
322,20,180,4.567437072930301,-1.8662769087075757,-1.8190217219638554,FALSE,FALSE
323,4,900,3.195687595083591,1.5303911813383198,1.3253576407666623,FALSE,FALSE
323,8,450,6.410053664128719,1.0805721750795971,1.0107827152072397,FALSE,FALSE
323,12,300,5.0250161191434515,1.2204384545304134,1.1684808597156688,FALSE,FALSE
323,16,225,7.215564950048793,1.0184728182906688,0.9861320659511733,FALSE,FALSE
323,20,180,4.325699783697441,1.3153957231446933,1.2820891595532593,FALSE,FALSE
324,4,900,7.196388309621975,0.24521705595969687,0.21236419990232774,FALSE,FALSE
324,8,450,6.799794931851165,0.2522667783906757,0.23597396370078413,FALSE,FALSE
324,12,300,10.0726042400487,0.20727030356832696,0.19844620726920148,FALSE,FALSE
324,16,225,8.282259038403,0.228577545029373,0.2213192563039344,FALSE,FALSE
324,20,180,8.04396857272192,0.23193846902808482,0.2260656558266586,FALSE,FALSE
325,4,900,31.360506858460408,-0.06129259018296268,-0.053080940162194376,FALSE,FALSE
325,8,450,24.162289604274044,-0.06982813914827271,-0.0653182431622033,FALSE,FALSE
325,12,300,18.753040894663744,-0.0792617507738301,-0.07588734879909186,FALSE,FALSE
325,16,225,16.3191326185916,-0.08496713518109276,-0.08226907488283165,FALSE,FALSE
325,20,180,14.951599396947111,-0.08876784673204023,-0.08652019465287185,FALSE,FALSE
326,4,900,1.3166511042397433,-4.8098900202947386,-4.165486946984492,TRUE,TRUE
326,8,450,15.760233091633623,-1.3902380857100152,-1.3004486506928354,FALSE,FALSE
326,12,300,13.563492504745078,-1.4985965698006962,-1.43479697951785,FALSE,FALSE
326,16,225,11.308594114897879,-1.6412176985902946,-1.5891022035352689,FALSE,FALSE
326,20,180,9.854829732534734,-1.7581095681283263,-1.7135932396187699,FALSE,FALSE
327,4,900,2.4925352651643298,1.4194616355741925,1.2292898361046596,FALSE,FALSE
327,8,450,8.5909725447761,0.7645803800660208,0.7151994567141136,FALSE,FALSE
327,12,300,7.084177905903567,0.8419757537261532,0.8061304106909937,FALSE,FALSE
327,16,225,8.070371001903764,0.7888556944599735,0.763806241801091,FALSE,FALSE
327,20,180,8.114658876730076,0.7867000559780404,0.7667803656667659,FALSE,FALSE
328,4,900,5.2586532694648485,-0.9854097089053545,-0.8533898410478657,FALSE,FALSE
328,8,450,6.541522536393673,-0.8835165399623891,-0.8264540470218068,FALSE,FALSE
328,12,300,5.715431004141067,-0.945212838669864,-0.9049723943418462,FALSE,FALSE
328,16,225,6.824029873392996,-0.8650349317587717,-0.8375664711473481,FALSE,FALSE
328,20,180,7.843156624378188,-0.8068794620269614,-0.7864488177426886,FALSE,FALSE
329,4,900,6.162299753384443,2.4627450469794123,2.132799773728472,TRUE,FALSE
329,8,450,4.961164990996746,2.7447262072032106,2.5674562719634793,TRUE,TRUE
329,12,300,9.016275538592225,2.0359976696969566,1.9493193602966012,TRUE,FALSE
329,16,225,5.504322669620552,2.6057870525429756,2.523042464565464,TRUE,TRUE
329,20,180,5.72648537917201,2.5547404604913218,2.490052987277146,TRUE,TRUE
330,4,900,1.4741713856587892,-0.03143824679007322,-0.02722632037064799,FALSE,FALSE
330,8,450,3.5623935531351867,-0.020223734692301674,-0.018917571574901745,FALSE,FALSE
330,12,300,5.550224173004527,-0.016202314021097602,-0.015512534652179442,FALSE,FALSE
330,16,225,9.320877702921107,-0.012502702649343018,-0.012105689785872216,FALSE,FALSE
330,20,180,10.54457372948647,-0.01175486899722436,-0.01145722906661166,FALSE,FALSE
331,4,900,7.752174193846796,-1.2829382343664695,-1.1110571024477165,FALSE,FALSE
331,8,450,6.672742568733444,-1.3828189567317695,-1.2935086910066151,FALSE,FALSE
331,12,300,4.34752675826681,-1.7131538944376374,-1.640219978292934,FALSE,FALSE
331,16,225,5.895942781456981,-1.471095542737449,-1.4243821344255254,FALSE,FALSE
331,20,180,9.492104677367342,-1.1594078866461104,-1.130051023288922,FALSE,FALSE
332,4,900,0.9761406590256424,-3.298436737481192,-2.8565300074345754,TRUE,FALSE
332,8,450,3.9456632943614904,-1.6406062037340874,-1.5346465802472005,FALSE,FALSE
332,12,300,4.2532140892540475,-1.5801770078717456,-1.5129043023897097,FALSE,FALSE
332,16,225,4.146639559523898,-1.600354579698227,-1.549536658799501,FALSE,FALSE
332,20,180,14.987565147124016,-0.8417804173173622,-0.8204660611079795,FALSE,FALSE
333,4,900,0.7684997950837219,-1.614053078101427,-1.3978109686923044,FALSE,FALSE
333,8,450,1.0450555334330884,-1.3841080860740353,-1.2947145610881141,FALSE,FALSE
333,12,300,0.7909250266105853,-1.5910067841404414,-1.5232730237602954,FALSE,FALSE
333,16,225,3.5606977405908977,-0.7498460980862494,-0.7260353625266642,FALSE,FALSE
333,20,180,5.20039379625915,-0.6204711238404065,-0.6047604440964935,FALSE,FALSE
334,4,900,4.578830975219389,-0.9689511743271223,-0.839136331994052,FALSE,FALSE
334,8,450,8.275026026168462,-0.7207663707134654,-0.6742152037795707,FALSE,FALSE
334,12,300,14.821637717168956,-0.538556290094097,-0.5156283911887747,FALSE,FALSE
334,16,225,9.75032853362946,-0.6640022863777847,-0.6429174492462021,FALSE,FALSE
334,20,180,7.86933170721443,-0.7391120340893623,-0.7203972994042447,FALSE,FALSE
335,4,900,17.529055819689084,0.06056148988752282,0.052447788733629146,FALSE,FALSE
335,8,450,12.347307098059742,0.07215886406349627,0.06749843668609938,FALSE,FALSE
335,12,300,11.941707684180695,0.07337406747685223,0.07025032120868102,FALSE,FALSE
335,16,225,9.19960744695761,0.08359709091582933,0.08094253522709859,FALSE,FALSE
335,20,180,8.94305501515764,0.08478770138518105,0.08264082883704338,FALSE,FALSE
336,4,900,0.4047025763797141,6.193914005586513,5.36408687769415,TRUE,TRUE
336,8,450,13.24643783704634,1.0826388391714403,1.0127159024485461,FALSE,FALSE
336,12,300,13.0079355019917,1.0925189247202096,1.0460072342639348,FALSE,FALSE
336,16,225,10.480558917675841,1.217141117876864,1.1784918198803433,FALSE,FALSE
336,20,180,7.727609379333405,1.4174592277661597,1.3815683585188485,FALSE,FALSE
337,4,900,4.945086150075305,0.13671379054999414,0.11839761566395984,FALSE,FALSE
337,8,450,6.7725482299964845,0.11682161411034572,0.1092766138427075,FALSE,FALSE
337,12,300,9.615993827290694,0.09803974384062883,0.09386590839050553,FALSE,FALSE
337,16,225,8.077812864983331,0.1069676271148271,0.10357095959976258,FALSE,FALSE
337,20,180,8.222886497479271,0.10601983109000938,0.1033353490105705,FALSE,FALSE
338,4,900,14.449575032735801,0.5273638410482956,0.4567104833851627,FALSE,FALSE
338,8,450,14.638198898260034,0.5239550905884323,0.4901151087595043,FALSE,FALSE
338,12,300,14.254453413484713,0.5309609744207958,0.5083564300711896,FALSE,FALSE
338,16,225,12.919541501200923,0.5577175815536776,0.5400077263111175,FALSE,FALSE
338,20,180,10.151048531786044,0.6291909018568638,0.6132594324023731,FALSE,FALSE
339,4,900,9.878274683032792,-0.4402523736948649,-0.38126973969615297,FALSE,FALSE
339,8,450,14.002705182847647,-0.3697739246950543,-0.3458918341929103,FALSE,FALSE
339,12,300,13.016554831332236,-0.38352548632279687,-0.3671976971208784,FALSE,FALSE
339,16,225,15.171994229888154,-0.3552392307485103,-0.34395890615212854,FALSE,FALSE
339,20,180,13.09648217464113,-0.38235337436216954,-0.3726719706951819,FALSE,FALSE
340,4,900,5.085930819746165,-0.3083691368638171,-0.267055506267146,FALSE,FALSE
340,8,450,4.022308215902758,-0.34675158618273605,-0.32435640845405384,FALSE,FALSE
340,12,300,8.086140785144122,-0.24456003068348434,-0.2341484028500897,FALSE,FALSE
340,16,225,7.198930139775319,-0.2591923324454967,-0.2509618967565163,FALSE,FALSE
340,20,180,8.270853937959473,-0.24181372867639317,-0.2356908683160238,FALSE,FALSE
341,4,900,2.2087604804878422,2.8478772095336993,2.466334010314922,TRUE,FALSE
341,8,450,4.752957849108896,1.9413935853272657,1.8160074122938274,FALSE,FALSE
341,12,300,6.446245276581522,1.6670251755790788,1.5960550924116792,FALSE,FALSE
341,16,225,6.262942487919299,1.6912443545600921,1.6375403048946373,FALSE,FALSE
341,20,180,6.873014474863977,1.614440123333478,1.573561586413943,FALSE,FALSE
342,4,900,0.36339720043358603,-4.784630609398462,-4.143611655463688,TRUE,TRUE
342,8,450,2.309614485681126,-1.8978830868800785,-1.775307067814544,FALSE,FALSE
342,12,300,3.776646589939583,-1.4841781366151052,-1.4209923807345914,FALSE,FALSE
342,16,225,5.088299160799801,-1.2786535370055863,-1.2380509635979613,FALSE,FALSE
342,20,180,5.61035152601114,-1.2177108232751406,-1.1868776965910808,FALSE,FALSE
343,4,900,11.054402024333323,0.8207364085906449,0.7107785796503032,FALSE,FALSE
343,8,450,9.654503449426269,0.8782261327389982,0.8215053242051962,FALSE,FALSE
343,12,300,10.035598853772694,0.8613897117850847,0.8247178604054594,FALSE,FALSE
343,16,225,11.345205240691914,0.8101494630924857,0.7844238446240194,FALSE,FALSE
343,20,180,12.770149638108043,0.7636130360077209,0.7442779220982457,FALSE,FALSE
344,4,900,4.003605756304152,1.4541282982627206,1.259312046657351,FALSE,FALSE
344,8,450,8.365206723804771,1.0059816056768855,0.9410096264599073,FALSE,FALSE
344,12,300,14.117984975281779,0.774358412801762,0.7413917355355795,FALSE,FALSE
344,16,225,14.599435014669206,0.7614832486404048,0.7373029851000524,FALSE,FALSE
344,20,180,14.79241322914927,0.7564998799792241,0.7373448752030161,FALSE,FALSE
345,4,900,4.391036216445692,0.8891490684489813,0.7700256810280866,FALSE,FALSE
345,8,450,6.79350365429988,0.7148438426256256,0.6686751860375102,FALSE,FALSE
345,12,300,12.495626241647983,0.5270830788587657,0.5046436277390539,FALSE,FALSE
345,16,225,7.897750221264614,0.6629891027770456,0.6419364384431238,FALSE,FALSE
345,20,180,6.491954414736948,0.7312575390326973,0.7127416846042813,FALSE,FALSE
346,4,900,6.917592669132123,0.7096826053996628,0.6146031649000353,FALSE,FALSE
346,8,450,10.409411308154692,0.5785335759893532,0.5411686070243267,FALSE,FALSE
346,12,300,10.834922045333185,0.5670596663058427,0.5429182962364771,FALSE,FALSE
346,16,225,8.412128919213739,0.6435594822163145,0.6231237892294137,FALSE,FALSE
346,20,180,12.064044157125204,0.5373969464845744,0.5237897518913455,FALSE,FALSE
347,4,900,3.120144127374076,-1.4588822791714766,-1.26342911489344,FALSE,FALSE
347,8,450,7.519192728483161,-0.9397708471146498,-0.8790751329953334,FALSE,FALSE
347,12,300,5.221841318269723,-1.1277056119496123,-1.0796959224495086,FALSE,FALSE
347,16,225,8.984273027344411,-0.8597379670338984,-0.8324377071061274,FALSE,FALSE
347,20,180,9.029926920827139,-0.8575618629152056,-0.8358479115785766,FALSE,FALSE
348,4,900,1.5655756551873548,0.7549843257558227,0.6538356055636085,FALSE,FALSE
348,8,450,3.018498265397064,0.5437252476054187,0.5086083972695763,FALSE,FALSE
348,12,300,3.4631733967468095,0.507618973666089,0.48600816579936434,FALSE,FALSE
348,16,225,5.0811970504646204,0.41907518592652193,0.40576780397554907,FALSE,FALSE
348,20,180,4.922261842429969,0.4257872070709175,0.41500603419708215,FALSE,FALSE
349,4,900,1.7770868117210419,-4.888919323287953,-4.233928331019994,TRUE,TRUE
349,8,450,1.1983597902395646,-5.953516730375309,-5.5690049628727545,TRUE,TRUE
349,12,300,6.6538029005329165,-2.526575186032043,-2.419011572891591,TRUE,TRUE
349,16,225,6.771492211122828,-2.5045228649460256,-2.424993836532911,TRUE,TRUE
349,20,180,7.69692488425734,-2.3491382071778792,-2.289656699289602,TRUE,TRUE
350,4,900,12.652315660510649,0.3948388678761314,0.3419404899822173,FALSE,FALSE
350,8,450,6.642870985722567,0.5449127858190185,0.5097192375518242,FALSE,FALSE
350,12,300,12.20248824234736,0.4020505942023412,0.3849341375788647,FALSE,FALSE
350,16,225,5.352564596711195,0.607049280397951,0.5877729383271152,FALSE,FALSE
350,20,180,6.512798708679769,0.5503273280120194,0.5363927288461379,FALSE,FALSE
351,4,900,4.519690215112925,1.3040209047580575,1.1293152305864458,FALSE,FALSE
351,8,450,7.215062845111113,1.0320929913277421,0.9654345912097649,FALSE,FALSE
351,12,300,8.338318641048804,0.9600628048065575,0.9191901544703801,FALSE,FALSE
351,16,225,8.054758377122319,0.9768156958883638,0.9457977306224105,FALSE,FALSE
351,20,180,6.678632112574317,1.0727416119261288,1.0455791876562843,FALSE,FALSE
352,4,900,13.66811523151755,0.14343811715384225,0.12422105332623584,FALSE,FALSE
352,8,450,8.760151039012294,0.1791690927155354,0.16759733981016706,FALSE,FALSE
352,12,300,7.373811431978767,0.19528679498483373,0.1869728713053343,FALSE,FALSE
352,16,225,6.470902821022241,0.20846658532255655,0.20184690329874727,FALSE,FALSE
352,20,180,9.506542293930245,0.1719917435895221,0.16763681537721872,FALSE,FALSE
353,4,900,11.137814032749736,-0.2368450303333808,-0.20511381302880372,FALSE,FALSE
353,8,450,5.9773483300423775,-0.3233031790231486,-0.30242243198986546,FALSE,FALSE
353,12,300,6.8454965151445,-0.3021076903859218,-0.2892460922371404,FALSE,FALSE
353,16,225,5.646352779386054,-0.3326444279405437,-0.32208158240560475,FALSE,FALSE
353,20,180,7.922089108776318,-0.28083057942284456,-0.2737197903368006,FALSE,FALSE
354,4,900,2.1018184721606468,0.8011531669027717,0.6938189948601546,FALSE,FALSE
354,8,450,6.415596395453074,0.4585583844980985,0.42894209165610886,FALSE,FALSE
354,12,300,3.887758983109794,0.5890653661023987,0.563987149746848,FALSE,FALSE
354,16,225,7.419381382604388,0.4264118920649741,0.4128715391481098,FALSE,FALSE
354,20,180,8.290525284979186,0.4033872172754643,0.39317322481087197,FALSE,FALSE
355,4,900,13.075075865069003,0.01861768617766319,0.016123389189542727,FALSE,FALSE
355,8,450,7.723163845462837,0.02422424164156271,0.022659703169287504,FALSE,FALSE
355,12,300,7.789566333744175,0.02412077037113535,0.023093879413290892,FALSE,FALSE
355,16,225,5.987461828340432,0.027512270662649232,0.026638641523197844,FALSE,FALSE
355,20,180,5.307918765042985,0.029220367953369325,0.02848049171211372,FALSE,FALSE
356,4,900,7.535610242007401,-1.482213659069782,-1.2836346825907183,FALSE,FALSE
356,8,450,9.301916942520826,-1.3340859066904271,-1.2479230968398118,FALSE,FALSE
356,12,300,7.3047121018677545,-1.5054574077864158,-1.441365731787302,FALSE,FALSE
356,16,225,6.430760907552624,-1.6044967563176502,-1.5535473040655199,FALSE,FALSE
356,20,180,6.87256878300897,-1.5520670441840483,-1.5127678289017445,FALSE,FALSE
357,4,900,1.645144192006844,1.4735448726538019,1.2761272933344978,FALSE,FALSE
357,8,450,1.8143959136648464,1.4031345556597503,1.312512193705519,FALSE,FALSE
357,12,300,2.60479755403006,1.171057883806767,1.1212025627083706,FALSE,FALSE
357,16,225,2.6343069713184826,1.1644803362282714,1.127503237299527,FALSE,FALSE
357,20,180,5.594049942112954,0.7991019312007194,0.7788682183953093,FALSE,FALSE
358,4,900,5.519668031662924,0.5888566397502845,0.5099648092108878,FALSE,FALSE
358,8,450,9.393728079113187,0.451384938297005,0.4222319471643721,FALSE,FALSE
358,12,300,6.325626233534123,0.5500653548556137,0.526647481776374,FALSE,FALSE
358,16,225,8.806336510021904,0.46619586524262163,0.45139220553885767,FALSE,FALSE
358,20,180,9.959283273381688,0.4383812928958344,0.427281230646716,FALSE,FALSE
359,4,900,10.75919210918619,0.728023480916988,0.6304868290256871,FALSE,FALSE
359,8,450,8.18746487068187,0.8345656259662647,0.7806646597860731,FALSE,FALSE
359,12,300,6.26616354751302,0.9539692037658425,0.9133559756501474,FALSE,FALSE
359,16,225,12.294376167325291,0.6810546607999106,0.6594283397837488,FALSE,FALSE
359,20,180,8.842222430670068,0.8030720296651817,0.7827377917214848,FALSE,FALSE
360,4,900,6.939094558645925,3.062118463702962,2.6518723789641427,TRUE,FALSE
360,8,450,9.67885219089925,2.592754890836447,2.425300122348114,TRUE,TRUE
360,12,300,14.25302535788843,2.136583460167301,2.045622922748008,TRUE,FALSE
360,16,225,5.5199594715009805,3.4332501400974613,3.3242301539904373,TRUE,TRUE
360,20,180,7.219187828154481,3.002128105258109,2.9261125238721784,TRUE,TRUE
361,4,900,3.38697301912892,-0.7215565116210494,-0.6248862693299102,FALSE,FALSE
361,8,450,5.043203446047193,-0.5913205534303259,-0.5531297291734585,FALSE,FALSE
361,12,300,6.948723731092811,-0.5037600184371845,-0.48231349745559315,FALSE,FALSE
361,16,225,4.67324661278551,-0.6142806977128298,-0.5947747280346156,FALSE,FALSE
361,20,180,7.269220231087193,-0.4925295656351106,-0.4800584384983511,FALSE,FALSE
362,4,900,26.84163216958951,-1.0510630530414402,-0.910247304913118,FALSE,FALSE
362,8,450,19.515254984903915,-1.2326679813383796,-1.1530553144536178,FALSE,FALSE
362,12,300,8.70286844585278,-1.8458738656437979,-1.7672896764663528,FALSE,FALSE
362,16,225,11.343877085789032,-1.6167857556659109,-1.5654460765198617,FALSE,FALSE
362,20,180,12.414859366652212,-1.5454762241421067,-1.5063438921504995,FALSE,FALSE
363,4,900,13.684395559799986,0.011298766449275641,0.009785018776500004,FALSE,FALSE
363,8,450,7.088829597115901,0.015698442729456454,0.014684548549879604,FALSE,FALSE
363,12,300,6.971912485775198,0.01582952480848964,0.01515561615454944,FALSE,FALSE
363,16,225,8.519250005868598,0.01432000467434342,0.013865284905336108,FALSE,FALSE
363,20,180,10.795357875806971,0.012721119117649431,0.012399013187554667,FALSE,FALSE
364,4,900,6.00427952299257,0.5867289398925146,0.5081221670824306,FALSE,FALSE
364,8,450,3.9764399498404015,0.7209758983657288,0.6744111989515269,FALSE,FALSE
364,12,300,3.4967683573037567,0.7688374493795269,0.7361058154942005,FALSE,FALSE
364,16,225,4.995571928745261,0.6432434206302843,0.6228177639146458,FALSE,FALSE
364,20,180,4.249212647818437,0.6974510433343576,0.6797911884952428,FALSE,FALSE
365,4,900,8.363176234865836,-0.49713072299566335,-0.43052783511596926,FALSE,FALSE
365,8,450,13.166449945888655,-0.3962067605787975,-0.370617488102358,FALSE,FALSE
365,12,300,8.876104897359369,-0.4825529944349062,-0.46200931780097254,FALSE,FALSE
365,16,225,8.998192349658467,-0.47926817534017874,-0.4640494153649321,FALSE,FALSE
365,20,180,7.566759516787188,-0.5226383356259836,-0.5094048374059706,FALSE,FALSE
366,4,900,15.020986440825334,-0.6848133709581568,-0.5930657761010203,FALSE,FALSE
366,8,450,9.889085900266354,-0.8440018211072798,-0.7894914120991781,FALSE,FALSE
366,12,300,12.395428890429244,-0.7538599637295924,-0.7217659647269216,FALSE,FALSE
366,16,225,10.428603861571402,-0.8218799257045589,-0.7957818162089865,FALSE,FALSE
366,20,180,8.217793609452354,-0.9258568488339953,-0.9024136298317833,FALSE,FALSE
367,4,900,1.5295724505511303,6.405534486386958,5.5473555900284115,TRUE,TRUE
367,8,450,4.789251900562647,3.6199832414891495,3.386184258878938,TRUE,TRUE
367,12,300,7.467051472691143,2.899117567480978,2.775693747678903,TRUE,TRUE
367,16,225,4.606211128235439,3.691207673520975,3.5739964617349402,TRUE,TRUE
367,20,180,7.509173395720944,2.8909749842440395,2.8177738627413986,TRUE,TRUE
368,4,900,15.00094349327526,0.8490086843422985,0.735263088674034,FALSE,FALSE
368,8,450,11.898096118441186,0.9533067840590165,0.8917368426090324,FALSE,FALSE
368,12,300,14.315709730923711,0.869090450935256,0.8320907568175939,FALSE,FALSE
368,16,225,13.657214021009288,0.8897958226358306,0.8615411006483751,FALSE,FALSE
368,20,180,14.06972156224439,0.8766549082497588,0.8544575102077769,FALSE,FALSE
369,4,900,2.7370444738908506,-0.3754021416362116,-0.32510779129204315,FALSE,FALSE
369,8,450,10.636422264284281,-0.19043198212703327,-0.1781328081509043,FALSE,FALSE
369,12,300,8.159849214647258,-0.2174185556257141,-0.20816241888528797,FALSE,FALSE
369,16,225,8.110714538723112,-0.2180761216124208,-0.21115129680260228,FALSE,FALSE
369,20,180,8.780150271075726,-0.2095977897456012,-0.20429065517768838,FALSE,FALSE
370,4,900,18.037034128224086,0.8644822608694535,0.7486635990339529,FALSE,FALSE
370,8,450,15.909304732041985,0.9204772289072679,0.8610276057245217,FALSE,FALSE
370,12,300,16.481317726725337,0.9043627871221237,0.8658614476367957,FALSE,FALSE
370,16,225,11.654087748818748,1.075472989679336,1.0413222445809924,FALSE,FALSE
370,20,180,8.982649952425566,1.2250009107373294,1.193983194916043,FALSE,FALSE
371,4,900,13.969469304742008,1.0007468368787074,0.8666721834938822,FALSE,FALSE
371,8,450,12.240300885656737,1.069099516548451,1.0000510258224902,FALSE,FALSE
371,12,300,9.580754621587172,1.2084100298508178,1.1569645198638188,FALSE,FALSE
371,16,225,10.257589475855688,1.1678619876572762,1.1307775072163306,FALSE,FALSE
371,20,180,12.187174136165162,1.0714272102943507,1.0442980674171423,FALSE,FALSE
372,4,900,12.741428904251737,-0.32484481004781907,-0.28132385778894176,FALSE,FALSE
372,8,450,7.523159492450386,-0.42275121618411127,-0.39544755270073684,FALSE,FALSE
372,12,300,7.4779238683740346,-0.4240279463384692,-0.40597585027070027,FALSE,FALSE
372,16,225,7.666272572108371,-0.4187866915709562,-0.4054884705169039,FALSE,FALSE
372,20,180,6.706876886861632,-0.4477389051866084,-0.4364019029023792,FALSE,FALSE
373,4,900,2.550413242331524,-1.5140218211351362,-1.3111813589870074,FALSE,FALSE
373,8,450,2.9182045480221133,-1.415401159083965,-1.323986550533729,FALSE,FALSE
373,12,300,5.963154147655491,-0.9901463569225213,-0.9479929627638044,FALSE,FALSE
373,16,225,4.5316282279258635,-1.1358219969310273,-1.09975491959248,FALSE,FALSE
373,20,180,4.356320200114033,-1.1584505895832156,-1.1291179655290295,FALSE,FALSE
374,4,900,3.6363194770443346,2.0556280756001333,1.7802261342022339,TRUE,FALSE
374,8,450,6.288464355726774,1.5631593579457217,1.4622016895906051,FALSE,FALSE
374,12,300,8.344880342267603,1.3569551694371567,1.2991856632292287,FALSE,FALSE
374,16,225,7.022663755407048,1.4791922380228204,1.4322217259254153,FALSE,FALSE
374,20,180,9.149190505145722,1.2959379903931674,1.2631241075987216,FALSE,FALSE
375,4,900,30.681454549774077,-0.1702058320188807,-0.1474025744006175,FALSE,FALSE
375,8,450,23.345239718084862,-0.195125145725231,-0.18252286071203808,FALSE,FALSE
375,12,300,22.39403703265625,-0.19922609077064474,-0.19074445987614008,FALSE,FALSE
375,16,225,19.909769062483566,-0.21129017266742112,-0.2045808299895529,FALSE,FALSE
375,20,180,14.242990561303582,-0.24981114851727282,-0.24348578896383868,FALSE,FALSE
376,4,900,6.640961831647494,0.48212619650491306,0.4175335340032229,FALSE,FALSE
376,8,450,6.383171977420457,0.49176537730894454,0.46000438914192165,FALSE,FALSE
376,12,300,9.632082550144213,0.40032814463002003,0.3832850176665811,FALSE,FALSE
376,16,225,12.550142129256548,0.35071302854176567,0.33957642971005625,FALSE,FALSE
376,20,180,11.859495126963147,0.3607805541313297,0.3516453864724288,FALSE,FALSE
377,4,900,8.055373469419205,-1.062525702790564,-0.9201742507905425,FALSE,FALSE
377,8,450,6.628602286480635,-1.1713085233482148,-1.0956587971442813,FALSE,FALSE
377,12,300,7.547420932710022,-1.0976983179050994,-1.0509661257008767,FALSE,FALSE
377,16,225,8.35925519745079,-1.043034065610493,-1.0099133914091134,FALSE,FALSE
377,20,180,6.754216990325912,-1.160365426159162,-1.1309843173599963,FALSE,FALSE
378,4,900,8.692354284186925,0.4511651186058187,0.39072045401405825,FALSE,FALSE
378,8,450,13.559813348135268,0.3612246417292667,0.33789471225277035,FALSE,FALSE
378,12,300,14.005729428745484,0.355427771578475,0.3402961833586597,FALSE,FALSE
378,16,225,12.428882108333598,0.3773012034373229,0.365320319354192,FALSE,FALSE
378,20,180,15.755407505562443,0.33511155614401483,0.32662634203046154,FALSE,FALSE
379,4,900,1.385142693120918,1.127708262746417,0.9766240035960135,FALSE,FALSE
379,8,450,2.4984391364764162,0.8396719261818653,0.7854411662662699,FALSE,FALSE
379,12,300,11.33599370918693,0.394197823539497,0.37741568207526394,FALSE,FALSE
379,16,225,4.622872969177611,0.6172882927122268,0.5976868193708159,FALSE,FALSE
379,20,180,6.621647317768186,0.5157758428164206,0.5027161067952165,FALSE,FALSE
380,4,900,8.7552515830819,-0.8342335388478426,-0.722467437331224,FALSE,FALSE
380,8,450,6.628580488760118,-0.9587639453105099,-0.8968415495358991,FALSE,FALSE
380,12,300,6.998131622628203,-0.9331058402537175,-0.8933808258646644,FALSE,FALSE
380,16,225,9.316187303398449,-0.8087286993277426,-0.7830481960240832,FALSE,FALSE
380,20,180,7.889630827391259,-0.8788072272494982,-0.8565553312732654,FALSE,FALSE
381,4,900,5.607284880154412,0.9232158411228023,0.7995283715885649,FALSE,FALSE
381,8,450,5.865895167755781,0.902635499436779,0.8443381960080025,FALSE,FALSE
381,12,300,9.55259621437761,0.7073247390734368,0.6772118791755871,FALSE,FALSE
381,16,225,5.933562890275364,0.8974738090384662,0.8689752790158288,FALSE,FALSE
381,20,180,6.931924554401313,0.8303336619605705,0.8093091440701805,FALSE,FALSE
382,4,900,16.856120297933426,0.5861129237578319,0.5075886814606542,FALSE,FALSE
382,8,450,12.198382824602929,0.6889837504710489,0.6444852848293035,FALSE,FALSE
382,12,300,6.750349907717255,0.92618334281565,0.8867530391640848,FALSE,FALSE
382,16,225,8.885035061393548,0.807291789835339,0.7816569143905615,FALSE,FALSE
382,20,180,8.550347277491323,0.822940112424296,0.802102803389358,FALSE,FALSE
383,4,900,14.279936424056393,-1.0876303036708126,-0.941915472904707,FALSE,FALSE
383,8,450,13.848499429432705,-1.1044424168864373,-1.0331112818524006,FALSE,FALSE
383,12,300,7.569380784539695,-1.493875001075237,-1.4302764216289607,FALSE,FALSE
383,16,225,8.77862130577776,-1.3871750823779905,-1.3431264980809647,FALSE,FALSE
383,20,180,7.500423099338494,-1.5007265125829519,-1.4627272685948394,FALSE,FALSE
384,4,900,3.436107920096667,-2.0375176739667884,-1.764542066315018,TRUE,FALSE
384,8,450,5.381483842913908,-1.6281100684062995,-1.5229575159833644,FALSE,FALSE
384,12,300,10.964017671991419,-1.140643471034293,-1.0920829794535136,FALSE,FALSE
384,16,225,6.06247318135772,-1.5339452791238457,-1.4852361300100356,FALSE,FALSE
384,20,180,6.128335935418069,-1.5256801661685075,-1.487049081559841,FALSE,FALSE
385,4,900,0.5372250590463408,-3.7056075022203285,-3.209150233377005,TRUE,TRUE
385,8,450,5.727198511601791,-1.134923084817867,-1.0616233359322602,FALSE,FALSE
385,12,300,4.116181387222118,-1.3387216775443382,-1.2817284238219888,FALSE,FALSE
385,16,225,3.581914322215918,-1.4350926870134324,-1.3895225192667693,FALSE,FALSE
385,20,180,2.676602701856927,-1.6601433576298474,-1.6181075889718761,FALSE,FALSE
386,4,900,0.5533378665027975,-6.568719423773723,-5.6886778913203235,TRUE,TRUE
386,8,450,7.896124328721038,-1.738877221601923,-1.6265707002249457,FALSE,FALSE
386,12,300,10.398058899180592,-1.5153040042356343,-1.4507931301469212,FALSE,FALSE
386,16,225,15.412930376543912,-1.2446100374493065,-1.2050884868909384,FALSE,FALSE
386,20,180,10.950190932246727,-1.476607471373049,-1.4392189351481497,FALSE,FALSE
387,4,900,5.267714915437294,-0.5670567587176598,-0.4910855584371563,FALSE,FALSE
387,8,450,3.269609598498649,-0.7197633236895034,-0.6732769392029484,FALSE,FALSE
387,12,300,3.5870873251123276,-0.687173950874631,-0.6579189683113938,FALSE,FALSE
387,16,225,8.031981912968776,-0.4592258237469482,-0.44464349188007823,FALSE,FALSE
387,20,180,12.78990563513022,-0.3639183817644777,-0.3547037625354041,FALSE,FALSE
388,4,900,7.612118337038125,-0.7551186811312122,-0.6539519607318307,FALSE,FALSE
388,8,450,7.388767303848613,-0.7664467472033145,-0.7169452833105353,FALSE,FALSE
388,12,300,8.655116561283164,-0.7081602076863021,-0.6780117794732239,FALSE,FALSE
388,16,225,10.11252596364187,-0.6551460928150796,-0.6343424767014155,FALSE,FALSE
388,20,180,11.20276544417561,-0.6224512717245624,-0.6066904535164112,FALSE,FALSE
389,4,900,1.2576847431897569,1.8430061603399261,1.5960901541855923,FALSE,FALSE
389,8,450,5.881987847652194,0.8522178407750398,0.7971767947691166,FALSE,FALSE
389,12,300,10.808413170588274,0.6286829960328232,0.6019181425872953,FALSE,FALSE
389,16,225,9.417794943906387,0.6735007257724898,0.6521142736438653,FALSE,FALSE
389,20,180,10.377422924230835,0.6416052736217424,0.6253594652536006,FALSE,FALSE
390,4,900,5.719417579285335,-1.9633994455898636,-1.7003537976571044,TRUE,FALSE
390,8,450,13.96574884219533,-1.256470953488535,-1.1753209560968185,FALSE,FALSE
390,12,300,15.389224420403844,-1.1969505275249166,-1.145992881695604,FALSE,FALSE
390,16,225,18.547455923183676,-1.0902909146233533,-1.055669638714375,FALSE,FALSE
390,20,180,16.25768655682918,-1.1645421007594374,-1.1350552361974036,FALSE,FALSE
391,4,900,14.153713432592813,-1.4423569961429419,-1.2491177999860013,FALSE,FALSE
391,8,450,11.921565617891028,-1.5715974583987746,-1.4700948098132318,FALSE,FALSE
391,12,300,12.63384962197425,-1.5266522176812711,-1.4616582173243788,FALSE,FALSE
391,16,225,10.06937042731055,-1.7100421123558533,-1.6557411556168933,FALSE,FALSE
391,20,180,10.673914357753834,-1.6609100294611328,-1.6188548482388256,FALSE,FALSE
392,4,900,10.344349449712729,-0.07666785565733995,-0.06639631065293489,FALSE,FALSE
392,8,450,8.37793578169229,-0.08519152541153054,-0.07968937508664829,FALSE,FALSE
392,12,300,10.440372756083866,-0.07631447235995628,-0.07306554455154395,FALSE,FALSE
392,16,225,10.38148334133745,-0.0765306148520184,-0.07410044919922032,FALSE,FALSE
392,20,180,8.912717242079612,-0.08259615752387196,-0.08050477610566256,FALSE,FALSE
393,4,900,5.057076072302948,-4.039865156797007,-3.4986258536498127,TRUE,TRUE
393,8,450,8.45153513103438,-3.1249912971518796,-2.923161692648153,TRUE,TRUE
393,12,300,5.912822623084576,-3.736105981347096,-3.5770491439923053,TRUE,TRUE
393,16,225,10.556764293848184,-2.7960903475261594,-2.707302837615031,TRUE,TRUE
393,20,180,11.866778051400187,-2.637243331810509,-2.570466839237582,TRUE,TRUE
394,4,900,13.18360136367342,-1.3505963827433953,-1.169650777715151,FALSE,FALSE
394,8,450,13.416578542852836,-1.3388185615730333,-1.2523500901149507,FALSE,FALSE
394,12,300,14.244773996012725,-1.2993161360996326,-1.2440004902470119,FALSE,FALSE
394,16,225,19.4499679944308,-1.1119446459848772,-1.0766357739509829,FALSE,FALSE
394,20,180,14.687062855010593,-1.279602667677911,-1.2472024044925527,FALSE,FALSE
395,4,900,5.19255677723892,0.6473586881454964,0.5606290692945679,FALSE,FALSE
395,8,450,12.59232647001451,0.4157024849707638,0.3888540683977854,FALSE,FALSE
395,12,300,14.336153642956944,0.3896003017848722,0.3730138901188867,FALSE,FALSE
395,16,225,8.775465269573859,0.49796696428072357,0.48215443990517654,FALSE,FALSE
395,20,180,8.34102058140441,0.5107707414798418,0.4978377374549603,FALSE,FALSE
396,4,900,0.22863591189567417,4.27415474768714,3.7015265912029305,TRUE,TRUE
396,8,450,2.973828314442231,1.1851259806321286,1.1085838449224787,FALSE,FALSE
396,12,300,5.631321847786409,0.8612263130224085,0.8245614180006993,FALSE,FALSE
396,16,225,6.383124748410356,0.8089204205050212,0.783233829255762,FALSE,FALSE
396,20,180,5.829870666279037,0.8464338146768141,0.825001631814705,FALSE,FALSE
397,4,900,14.695123763518719,-1.0764296805034228,-0.932215448703531,FALSE,FALSE
397,8,450,11.771119136209114,-1.202716891726228,-1.125038635531309,FALSE,FALSE
397,12,300,10.176650401037906,-1.2935102081155694,-1.2384417374093886,FALSE,FALSE
397,16,225,7.06280974377154,-1.5526856326561942,-1.5033813992932419,FALSE,FALSE
397,20,180,6.74967692403021,-1.5882936343753307,-1.548077141342555,FALSE,FALSE
398,4,900,12.595241034510135,-0.6654636616849744,-0.5763084363146009,FALSE,FALSE
398,8,450,14.019733256170204,-0.6307506569437195,-0.5900132136914961,FALSE,FALSE
398,12,300,14.917738118310105,-0.611471327646248,-0.5854392247042755,FALSE,FALSE
398,16,225,14.107174189833163,-0.6287928177512228,-0.6088260278413303,FALSE,FALSE
398,20,180,12.398510754883997,-0.6707224226721133,-0.6537393516237121,FALSE,FALSE
399,4,900,5.288230774354492,0.19661739077496695,0.1702756552369335,FALSE,FALSE
399,8,450,4.267890966532336,0.2188620537143918,0.2047267049912423,FALSE,FALSE
399,12,300,6.170552547031437,0.18201831956546352,0.17426927326023062,FALSE,FALSE
399,16,225,7.0042832205854975,0.1708422485357671,0.16541729585191361,FALSE,FALSE
399,20,180,8.067865690769356,0.1591834079286058,0.15515279401859533,FALSE,FALSE
400,4,900,3.346413524780198,-2.135278114779705,-1.8492050915441687,TRUE,FALSE
400,8,450,3.346154641230501,-2.1353607137247126,-1.9974470469837367,TRUE,FALSE
400,12,300,6.068449785818976,-1.5856428403474192,-1.5181374385683746,FALSE,FALSE
400,16,225,4.194550263830381,-1.907223330833434,-1.8466610494540323,FALSE,FALSE
400,20,180,5.142093972160662,-1.7225595618859166,-1.6789433796386257,FALSE,FALSE
